generation,HV_mean,HV_std,IGD_plus_mean,IGD_plus_std,Spacing_mean,Spacing_std,FeasRatio_soft_mean,FeasRatio_soft_std,FeasRatio_strict_mean,FeasRatio_strict_std,MinCost_best,MinEmis_best,MinTime_best,MinCost_mean,MinCost_std,MinEmis_mean,MinEmis_std,MinTime_mean,MinTime_std,boost_triggered_best
0,0.0,0.0,5.225347289622152,0.2830531939506531,0.18178257008281778,0.0330072708306503,0.43200000000000016,0.035537773331109725,0.43200000000000016,0.035537773331109725,7587778.770742817,7263667656.270833,473.06380952380954,7764121.335321764,295299.71129327547,7459763940.298722,163463743.33459893,469.5494682539683,3.4955739341884406,0
1,0.0,0.0,5.225347289622152,0.2830531939506531,0.18178257008281778,0.0330072708306503,1.0,0.0,1.0,0.0,6910004.271614079,6499156221.928736,465.19714285714286,7022765.569095416,350746.85267623916,6221145405.843131,342120433.4728211,459.04935317460325,15.643510478090302,0
2,0.0,0.0,5.225347289622152,0.2830531939506531,0.18178257008281778,0.0330072708306503,1.0,0.0,1.0,0.0,6876845.520434371,6221769826.542021,465.19714285714286,6964089.94391202,362165.6011811151,6131404286.79516,273822736.65343684,456.88557142857167,15.948752560273679,0
3,0.0,0.0,5.225347289622152,0.2830531939506531,0.18178257008281778,0.0330072708306503,1.0,0.0,1.0,0.0,6834250.074887797,5975182987.173609,465.19714285714286,6809156.590249068,286330.7879443583,5950055605.06552,224240812.552105,454.18976190476207,16.58251648685022,0
4,0.0,0.0,5.225347289622152,0.2830531939506531,0.18178257008281778,0.0330072708306503,1.0,0.0,1.0,0.0,6829626.78216315,5780755093.199375,465.19714285714286,6691693.7060558,337094.122592698,5846102041.968679,245675891.3921886,450.1480992063493,18.078198358637923,0
5,0.0,0.0,1.824396382520549,0.3761660595377918,0.12198006682004821,0.02419148807402179,1.0,0.0,1.0,0.0,6798592.989773659,5769103104.394405,465.19714285714286,6565031.297490405,292552.97608852305,5661790265.634808,207559441.82288626,447.6551071428572,17.937300282752318,0
6,0.0,0.0,1.824396382520549,0.3761660595377918,0.12198006682004821,0.02419148807402179,1.0,0.0,1.0,0.0,6532144.587709344,5769103104.394405,465.19714285714286,6466684.515822974,286463.6707340267,5530104966.20202,177840535.57714054,442.8501507936508,18.92625033839589,0
7,0.0,0.0,1.824396382520549,0.3761660595377918,0.12198006682004821,0.02419148807402179,1.0,0.0,1.0,0.0,6202883.396529649,5365280453.702045,465.19714285714286,6293989.873847333,262117.82288998613,5425159004.07967,181629555.99179322,440.6377103174603,19.697060812301498,0
8,0.0,0.0,1.824396382520549,0.3761660595377918,0.12198006682004821,0.02419148807402179,1.0,0.0,1.0,0.0,6185273.907291551,5365280453.702045,463.17083333333335,6215211.647034956,288064.35068810097,5359933671.997602,190551892.90831742,436.4591984126984,19.18350210518376,0
9,0.0,0.0,1.824396382520549,0.3761660595377918,0.12198006682004821,0.02419148807402179,1.0,0.0,1.0,0.0,6171203.832272081,5365280453.702045,463.17083333333335,6144016.306237767,271737.82205672725,5299306946.930483,163908679.66604036,434.72610317460317,18.737835501818513,0
10,0.020539333333333333,0.02921485899713059,1.0745046233872158,0.24695680269305362,0.0934027795922375,0.0436509446759806,1.0,0.0,1.0,0.0,6114779.034378489,5330811332.796294,463.17083333333335,6045535.321317861,259549.5745645753,5206137890.318457,141679661.23263028,430.6150357142858,17.25087554993575,0
11,0.020539333333333333,0.02921485899713059,1.0745046233872158,0.24695680269305362,0.0934027795922375,0.0436509446759806,1.0,0.0,1.0,0.0,6077363.659140476,5238675173.414343,460.77714285714285,5991742.47961851,249197.0224265178,5158121728.840228,125334761.3890413,428.9701230158729,17.587102668908777,0
12,0.020539333333333333,0.02921485899713059,1.0745046233872158,0.24695680269305362,0.0934027795922375,0.0436509446759806,1.0,0.0,1.0,0.0,5761441.565371565,5147111654.479401,460.77714285714285,5902781.748936027,203382.8808260166,5117388131.858199,122704887.05630374,427.0370992063492,17.268928517495496,0
13,0.020539333333333333,0.02921485899713059,1.0745046233872158,0.24695680269305362,0.0934027795922375,0.0436509446759806,1.0,0.0,1.0,0.0,5761441.565371565,5147111654.479401,460.77714285714285,5875571.978255755,188610.68006942142,5099133308.813349,124134708.95134671,425.2384206349206,17.407557456528938,0
14,0.020539333333333333,0.02921485899713059,1.0745046233872158,0.24695680269305362,0.0934027795922375,0.0436509446759806,1.0,0.0,1.0,0.0,5753329.720026414,5147111654.479401,419.4371428571428,5807297.53234561,171471.39185445593,5070692874.653028,115302075.66627398,420.8269285714285,12.9999562069877,0
15,0.06424666666666666,0.06589839984568839,0.8096656573111293,0.21291583482956833,0.07665370250575691,0.03058208535970713,1.0,0.0,1.0,0.0,5753329.720026414,5147111654.479401,413.2192857142857,5783779.662376539,173310.0064109996,5038849890.3714075,105018880.33163685,417.66194047619035,9.959734622475734,0
16,0.06424666666666666,0.06589839984568839,0.8096656573111293,0.21291583482956833,0.07665370250575691,0.03058208535970713,1.0,0.0,1.0,0.0,5687231.997076519,5084420463.720705,413.2192857142857,5745777.7355404105,160569.95495344794,5017119958.812117,90934428.37738438,415.96785714285704,5.9262589147042695,0
17,0.06424666666666666,0.06589839984568839,0.8096656573111293,0.21291583482956833,0.07665370250575691,0.03058208535970713,1.0,0.0,1.0,0.0,5687231.997076519,5015204864.857244,413.2192857142857,5712991.083013912,151582.4504896951,4992213907.01437,75241575.62445167,415.2686507936507,5.272354895357969,0
18,0.06424666666666666,0.06589839984568839,0.8096656573111293,0.21291583482956833,0.07665370250575691,0.03058208535970713,1.0,0.0,1.0,0.0,5596310.067112784,5015204864.857244,413.2192857142857,5685764.266100302,141976.35288733014,4978063343.818983,71270778.54053958,414.52949999999987,4.481851837914137,0
19,0.06424666666666666,0.06589839984568839,0.8096656573111293,0.21291583482956833,0.07665370250575691,0.03058208535970713,1.0,0.0,1.0,0.0,5576115.806546227,5015204864.857244,413.2192857142857,5656818.859487978,134058.58299223165,4960844677.794916,68545847.63681148,414.52949999999987,4.481851837914137,0
20,0.14789000000000002,0.09927835840034155,0.5737980523913545,0.20332566251643058,0.061540316718073834,0.02734717795198061,1.0,0.0,1.0,0.0,5570260.0967501765,4920179149.27971,413.2192857142857,5629376.819911296,121051.34842569381,4948499131.101776,66735889.18648172,414.348111111111,4.110679966636644,0
21,0.14789000000000002,0.09927835840034155,0.5737980523913545,0.20332566251643058,0.061540316718073834,0.02734717795198061,1.0,0.0,1.0,0.0,5566851.267481321,4920179149.27971,413.2192857142857,5616409.949405023,116185.99190730574,4936663761.246462,62054197.13957554,414.1234444444443,3.963452266997032,0
22,0.14789000000000002,0.09927835840034155,0.5737980523913545,0.20332566251643058,0.061540316718073834,0.02734717795198061,1.0,0.0,1.0,0.0,5566851.267481321,4920179149.27971,413.2192857142857,5589904.34997019,108148.96112892676,4933355155.092681,62297518.60862668,413.59349999999995,3.7838742823784504,0
23,0.14789000000000002,0.09927835840034155,0.5737980523913545,0.20332566251643058,0.061540316718073834,0.02734717795198061,1.0,0.0,1.0,0.0,5566851.267481321,4920179149.27971,413.2192857142857,5577115.680815369,105157.87820327375,4921588288.74257,50337441.8579171,413.5408333333333,3.6710448468228662,0
24,0.14789000000000002,0.09927835840034155,0.5737980523913545,0.20332566251643058,0.061540316718073834,0.02734717795198061,1.0,0.0,1.0,0.0,5566026.682267516,4920179149.27971,413.2192857142857,5568210.038149337,101905.01698632298,4915475916.511631,51028579.49631134,413.5408333333333,3.6710448468228662,0
25,0.25482600000000005,0.10844084004961722,0.3918143614004882,0.15369656309474639,0.04557793487282982,0.029339844297583066,1.0,0.0,1.0,0.0,5566026.682267516,4920179149.27971,412.12095238095236,5549578.941709671,88961.50901661982,4909467554.660905,44150394.51440421,413.50422222222215,3.679536048043091,0
26,0.25482600000000005,0.10844084004961722,0.3918143614004882,0.15369656309474639,0.04557793487282982,0.029339844297583066,1.0,0.0,1.0,0.0,5509837.628985538,4905462361.416619,412.12095238095236,5538798.2731233295,86117.07924991754,4904489878.89949,44048516.40028787,413.2818333333333,3.4617384242860343,0
27,0.25482600000000005,0.10844084004961722,0.3918143614004882,0.15369656309474639,0.04557793487282982,0.029339844297583066,1.0,0.0,1.0,0.0,5509837.628985538,4905462361.416619,412.12095238095236,5529390.722974448,79459.95688829359,4899673995.800462,42102832.30006318,413.23765079365074,3.3733075019027683,0
28,0.25482600000000005,0.10844084004961722,0.3918143614004882,0.15369656309474639,0.04557793487282982,0.029339844297583066,1.0,0.0,1.0,0.0,5509837.628985538,4905462361.416619,412.12095238095236,5520879.247394352,76922.11607231827,4896145088.348327,39995253.05141021,413.23765079365074,3.3733075019027683,0
29,0.25482600000000005,0.10844084004961722,0.3918143614004882,0.15369656309474639,0.04557793487282982,0.029339844297583066,1.0,0.0,1.0,0.0,5507515.411235393,4903909814.342973,412.12095238095236,5516216.845773191,73875.21909269772,4890267223.88326,37512860.53506013,413.08666666666664,3.2206039225353833,0
30,0.3626066666666667,0.09477786652073479,0.2714322671114625,0.09108886222152336,0.036555849821006334,0.01686526724613505,1.0,0.0,1.0,0.0,5505244.174272722,4903909814.342973,412.12095238095236,5505830.033770555,70389.27427526764,4887172771.861629,33064210.52876833,413.08666666666664,3.2206039225353833,0
31,0.3626066666666667,0.09477786652073479,0.2714322671114625,0.09108886222152336,0.036555849821006334,0.01686526724613505,1.0,0.0,1.0,0.0,5491328.142463759,4896125307.678578,412.12095238095236,5491642.50921461,53476.90335700777,4884308769.283246,32710069.594469205,412.7884047619047,3.14856082022598,0
32,0.3626066666666667,0.09477786652073479,0.2714322671114625,0.09108886222152336,0.036555849821006334,0.01686526724613505,1.0,0.0,1.0,0.0,5491328.142463759,4896125307.678578,412.12095238095236,5488302.888431525,53108.22560803821,4879311608.32329,33417652.141440388,412.7884047619047,3.14856082022598,0
33,0.3626066666666667,0.09477786652073479,0.2714322671114625,0.09108886222152336,0.036555849821006334,0.01686526724613505,1.0,0.0,1.0,0.0,5461152.469302449,4896125307.678578,412.12095238095236,5483417.637790356,53601.58305754758,4875477576.906727,32672031.75261946,412.36569841269835,3.0135377008470923,0
34,0.3626066666666667,0.09477786652073479,0.2714322671114625,0.09108886222152336,0.036555849821006334,0.01686526724613505,1.0,0.0,1.0,0.0,5461152.469302449,4877651451.950814,412.12095238095236,5477308.380294548,53345.5505398484,4873089235.043,30557567.851934645,412.22347619047616,3.1205149859883288,0
35,0.43461400000000006,0.07830223021940903,0.21231197619464823,0.066783076237718,0.026502023837447507,0.007686374693492048,1.0,0.0,1.0,0.0,5458753.159643218,4877651451.950814,412.12095238095236,5470046.710792427,49041.84603868129,4871236851.82104,29975576.46464269,412.22347619047616,3.1205149859883288,0
36,0.43461400000000006,0.07830223021940903,0.21231197619464823,0.066783076237718,0.026502023837447507,0.007686374693492048,1.0,0.0,1.0,0.0,5458699.859352711,4877651451.950814,412.12095238095236,5465053.454468233,52826.75030089038,4867228130.33838,27579345.079502407,412.06743650793646,2.8622509250301067,0
37,0.43461400000000006,0.07830223021940903,0.21231197619464823,0.066783076237718,0.026502023837447507,0.007686374693492048,1.0,0.0,1.0,0.0,5458699.859352711,4863103500.373352,412.12095238095236,5463011.422247137,53395.53497807879,4865278868.587977,27796545.37906467,412.0257698412698,2.8132930746677025,0
38,0.43461400000000006,0.07830223021940903,0.21231197619464823,0.066783076237718,0.026502023837447507,0.007686374693492048,1.0,0.0,1.0,0.0,5458699.859352711,4863103500.373352,412.12095238095236,5457876.511432148,55333.4571662023,4863656303.028232,27170796.04354862,412.0257698412698,2.8132930746677025,0
39,0.43461400000000006,0.07830223021940903,0.21231197619464823,0.066783076237718,0.026502023837447507,0.007686374693492048,1.0,0.0,1.0,0.0,5458699.859352711,4863103500.373352,412.12095238095236,5453893.330593315,57058.31417879216,4861605805.499711,27610805.742662203,412.0257698412698,2.8132930746677025,0
40,0.47482199999999997,0.06117126544383401,0.18117863770827014,0.050790034284234196,0.025495948607510158,0.011042157693736367,1.0,0.0,1.0,0.0,5456363.42832259,4863103500.373352,412.12095238095236,5451543.967579187,56238.852335770105,4860108814.969153,27188354.08477803,412.0257698412698,2.8132930746677025,0
41,0.47482199999999997,0.06117126544383401,0.18117863770827014,0.050790034284234196,0.025495948607510158,0.011042157693736367,1.0,0.0,1.0,0.0,5448817.355094303,4863103500.373352,412.12095238095236,5446953.320389042,59007.26510283353,4857994359.938508,29449387.128317717,412.0257698412698,2.8132930746677025,0
42,0.47482199999999997,0.06117126544383401,0.18117863770827014,0.050790034284234196,0.025495948607510158,0.011042157693736367,1.0,0.0,1.0,0.0,5447833.694291191,4863103500.373352,412.12095238095236,5444233.045766989,59676.3453424856,4856666201.637727,30539573.76331684,412.0257698412698,2.8132930746677025,0
43,0.47482199999999997,0.06117126544383401,0.18117863770827014,0.050790034284234196,0.025495948607510158,0.011042157693736367,1.0,0.0,1.0,0.0,5447833.694291191,4863103500.373352,412.12095238095236,5442750.757879856,58766.65274117864,4856179854.432148,30643010.18585303,412.0257698412698,2.8132930746677025,0
44,0.47482199999999997,0.06117126544383401,0.18117863770827014,0.050790034284234196,0.025495948607510158,0.011042157693736367,1.0,0.0,1.0,0.0,5447013.2242911905,4847287971.622514,412.12095238095236,5439558.624674131,59398.41930353638,4852983227.236563,33594787.36626424,412.0257698412698,2.8132930746677025,0
45,0.5009713333333332,0.05748942248990002,0.16132887947251237,0.04603395231154269,0.02422730971624042,0.01186677763705021,1.0,0.0,1.0,0.0,5447013.2242911905,4847287971.622514,412.12095238095236,5436465.631755947,58274.30043993182,4851564122.886858,34144665.667920634,412.0257698412698,2.8132930746677025,0
46,0.5009713333333332,0.05748942248990002,0.16132887947251237,0.04603395231154269,0.02422730971624042,0.01186677763705021,1.0,0.0,1.0,0.0,5443389.25500787,4847287971.622514,412.12095238095236,5435474.226245696,57784.54069775468,4850759933.505595,33402722.66591393,411.8835476190476,2.911036144343356,0
47,0.5009713333333332,0.05748942248990002,0.16132887947251237,0.04603395231154269,0.02422730971624042,0.01186677763705021,1.0,0.0,1.0,0.0,5443389.25500787,4847287971.622514,412.12095238095236,5432567.294547001,55131.81933849948,4849891102.698665,32975146.487432316,411.8835476190476,2.911036144343356,0
48,0.5009713333333332,0.05748942248990002,0.16132887947251237,0.04603395231154269,0.02422730971624042,0.01186677763705021,1.0,0.0,1.0,0.0,5443389.25500787,4831547175.565293,412.12095238095236,5431889.113830318,55140.34714332966,4848678164.176036,32740859.814678974,411.8835476190476,2.911036144343356,0
49,0.5009713333333332,0.05748942248990002,0.16132887947251237,0.04603395231154269,0.02422730971624042,0.01186677763705021,1.0,0.0,1.0,0.0,5441377.503626573,4831547175.565293,412.12095238095236,5429595.484957038,55770.51478740421,4847602367.091276,33144215.76457177,411.8835476190476,2.911036144343356,0
50,0.5236393333333333,0.049948229326862915,0.14653311610087277,0.042523671169339715,0.02223449274209826,0.008541659697555173,1.0,0.0,1.0,0.0,5441377.503626573,4831547175.565293,412.12095238095236,5428800.799825681,55634.066600032944,4847241546.347594,32787258.154237825,411.8835476190476,2.911036144343356,0
51,0.5236393333333333,0.049948229326862915,0.14653311610087277,0.042523671169339715,0.02223449274209826,0.008541659697555173,1.0,0.0,1.0,0.0,5441377.503626573,4831547175.565293,412.12095238095236,5426521.6538102245,57215.73111953451,4847100613.150558,32778090.354268096,411.8835476190476,2.911036144343356,0
52,0.5236393333333333,0.049948229326862915,0.14653311610087277,0.042523671169339715,0.02223449274209826,0.008541659697555173,1.0,0.0,1.0,0.0,5441377.503626573,4831547175.565293,412.12095238095236,5425735.914534364,57243.8818976826,4846291043.366785,32516211.726029098,411.8835476190476,2.911036144343356,0
53,0.5236393333333333,0.049948229326862915,0.14653311610087277,0.042523671169339715,0.02223449274209826,0.008541659697555173,1.0,0.0,1.0,0.0,5441377.503626573,4831547175.565293,412.12095238095236,5424583.308116356,55909.196674640356,4844846477.570565,32928320.56543272,411.8835476190476,2.911036144343356,0
54,0.5236393333333333,0.049948229326862915,0.14653311610087277,0.042523671169339715,0.02223449274209826,0.008541659697555173,1.0,0.0,1.0,0.0,5441377.503626573,4831547175.565293,412.12095238095236,5423994.236877605,56258.11913450023,4844605392.253481,32853845.578167684,411.8835476190476,2.911036144343356,0
55,0.5357920000000002,0.05185126050541104,0.13787213187246466,0.04167264452157681,0.022043842406364145,0.011829986030676776,1.0,0.0,1.0,0.0,5441377.503626573,4831547175.565293,412.12095238095236,5422150.112877616,56173.89221758842,4843813582.387744,33392673.82842729,411.8835476190476,2.911036144343356,0
56,0.5357920000000002,0.05185126050541104,0.13787213187246466,0.04167264452157681,0.022043842406364145,0.011829986030676776,1.0,0.0,1.0,0.0,5441377.503626573,4831547175.565293,412.12095238095236,5420971.01932211,55689.16249259422,4843658280.669013,33187540.262442064,411.8835476190476,2.911036144343356,0
57,0.5357920000000002,0.05185126050541104,0.13787213187246466,0.04167264452157681,0.022043842406364145,0.011829986030676776,1.0,0.0,1.0,0.0,5441377.503626573,4831547175.565293,412.12095238095236,5419256.071471352,57227.304382411035,4843265973.868883,32956594.181149386,411.8835476190476,2.911036144343356,0
58,0.5357920000000002,0.05185126050541104,0.13787213187246466,0.04167264452157681,0.022043842406364145,0.011829986030676776,1.0,0.0,1.0,0.0,5437992.5702756215,4831547175.565293,412.12095238095236,5418254.163894569,57519.53224733604,4842257521.204349,32675640.323210888,411.8835476190476,2.911036144343356,0
59,0.5357920000000002,0.05185126050541104,0.13787213187246466,0.04167264452157681,0.022043842406364145,0.011829986030676776,1.0,0.0,1.0,0.0,5437992.5702756215,4831547175.565293,412.12095238095236,5417176.401370355,56369.72272787388,4842035435.847617,32916776.280071482,411.8835476190476,2.911036144343356,0
60,0.5453593333333334,0.05201865036909571,0.13174150708225688,0.041394520480159826,0.02223080856529351,0.01207992340587389,1.0,0.0,1.0,0.0,5437992.5702756215,4831547175.565293,412.12095238095236,5416624.026748785,56455.86032837308,4841552957.33492,33690767.32336516,411.8835476190476,2.911036144343356,0
61,0.5453593333333334,0.05201865036909571,0.13174150708225688,0.041394520480159826,0.02223080856529351,0.01207992340587389,1.0,0.0,1.0,0.0,5437992.5702756215,4831547175.565293,412.12095238095236,5415760.799758324,56106.32917733056,4841436450.292594,33684490.04119677,411.8835476190476,2.911036144343356,0
62,0.5453593333333334,0.05201865036909571,0.13174150708225688,0.041394520480159826,0.02223080856529351,0.01207992340587389,1.0,0.0,1.0,0.0,5437992.5702756215,4831547175.565293,412.12095238095236,5413786.0980649,58091.25774109817,4841034972.618366,33267425.828527667,411.8835476190476,2.911036144343356,0
63,0.5453593333333334,0.05201865036909571,0.13174150708225688,0.041394520480159826,0.02223080856529351,0.01207992340587389,1.0,0.0,1.0,0.0,5437992.5702756215,4831547175.565293,412.12095238095236,5413359.331988317,57958.07873388167,4840726609.536365,33341206.509235393,411.8835476190476,2.911036144343356,0
64,0.5453593333333334,0.05201865036909571,0.13174150708225688,0.041394520480159826,0.02223080856529351,0.01207992340587389,1.0,0.0,1.0,0.0,5437992.5702756215,4831547175.565293,412.12095238095236,5412681.77013923,57953.418723688155,4840532439.687442,33233987.248886853,411.8835476190476,2.911036144343356,0
65,0.5534426666666666,0.05034434724530208,0.12669961830031864,0.041178269544177665,0.023004778803345182,0.013146561241074908,1.0,0.0,1.0,0.0,5437992.5702756215,4831547175.565293,412.12095238095236,5412435.709051808,58163.367606910375,4840193603.452745,33262261.83256918,411.8835476190476,2.911036144343356,0
66,0.5534426666666666,0.05034434724530208,0.12669961830031864,0.041178269544177665,0.023004778803345182,0.013146561241074908,1.0,0.0,1.0,0.0,5437992.5702756215,4831547175.565293,412.12095238095236,5412375.638806201,58179.413576326166,4840165129.405275,33272936.089657743,411.8835476190476,2.911036144343356,0
67,0.5534426666666666,0.05034434724530208,0.12669961830031864,0.041178269544177665,0.023004778803345182,0.013146561241074908,1.0,0.0,1.0,0.0,5437992.5702756215,4831547175.565293,412.12095238095236,5412061.523406353,58518.79109557812,4840058030.2065735,33384807.233682714,411.8835476190476,2.911036144343356,0
68,0.5534426666666666,0.05034434724530208,0.12669961830031864,0.041178269544177665,0.023004778803345182,0.013146561241074908,1.0,0.0,1.0,0.0,5437992.5702756215,4831547175.565293,412.12095238095236,5411232.925928364,58615.92731731906,4838998221.573953,34403812.900063254,411.8835476190476,2.911036144343356,0
69,0.5534426666666666,0.05034434724530208,0.12669961830031864,0.041178269544177665,0.023004778803345182,0.013146561241074908,1.0,0.0,1.0,0.0,5437992.5702756215,4831547175.565293,412.12095238095236,5411068.245015082,58597.693920410944,4838853738.592708,34330308.77367368,411.8835476190476,2.911036144343356,0
70,0.559616,0.05076363039289711,0.12292655752289194,0.04117826974944504,0.022093280673460575,0.011807223347428815,1.0,0.0,1.0,0.0,5437992.5702756215,4831547175.565293,412.12095238095236,5410736.006520373,58430.951643094326,4838741137.530606,34273960.65628593,411.8835476190476,2.911036144343356,0
71,0.559616,0.05076363039289711,0.12292655752289194,0.04117826974944504,0.022093280673460575,0.011807223347428815,1.0,0.0,1.0,0.0,5437992.5702756215,4831547175.565293,412.12095238095236,5410702.419630091,58464.60968841477,4838695385.776014,34303219.154379785,411.8835476190476,2.911036144343356,0
72,0.559616,0.05076363039289711,0.12292655752289194,0.04117826974944504,0.022093280673460575,0.011807223347428815,1.0,0.0,1.0,0.0,5437992.5702756215,4831547175.565293,412.12095238095236,5410602.788849332,58506.73108514039,4838345563.961913,34184790.06446276,411.8835476190476,2.911036144343356,0
73,0.559616,0.05076363039289711,0.12292655752289194,0.04117826974944504,0.022093280673460575,0.011807223347428815,1.0,0.0,1.0,0.0,5437992.5702756215,4830163463.393888,412.12095238095236,5409570.188253311,58470.02516901156,4838020683.151061,34151432.00464659,411.8835476190476,2.911036144343356,0
74,0.559616,0.05076363039289711,0.12292655752289194,0.04117826974944504,0.022093280673460575,0.011807223347428815,1.0,0.0,1.0,0.0,5437992.5702756215,4830163463.393888,412.12095238095236,5409349.52806903,58625.74225074832,4837985128.248792,34179413.71427811,411.8835476190476,2.911036144343356,0
75,0.565794,0.05044258839512501,0.11928287325718094,0.04089553535270065,0.021588944647918943,0.01391872001971879,1.0,0.0,1.0,0.0,5437992.5702756215,4829843166.0832405,412.12095238095236,5408423.51450986,58786.77184336223,4837974451.671769,34181905.22419594,411.8835476190476,2.911036144343356,0
76,0.565794,0.05044258839512501,0.11928287325718094,0.04089553535270065,0.021588944647918943,0.01391872001971879,1.0,0.0,1.0,0.0,5437992.5702756215,4829843166.0832405,412.12095238095236,5408369.361476937,58824.12188087756,4837841330.510955,34122923.84450917,411.8835476190476,2.911036144343356,0
77,0.565794,0.05044258839512501,0.11928287325718094,0.04089553535270065,0.021588944647918943,0.01391872001971879,1.0,0.0,1.0,0.0,5437992.5702756215,4829843166.0832405,412.12095238095236,5408128.590494679,59153.3034339173,4837771335.970954,34086862.72295152,411.8835476190476,2.911036144343356,0
78,0.565794,0.05044258839512501,0.11928287325718094,0.04089553535270065,0.021588944647918943,0.01391872001971879,1.0,0.0,1.0,0.0,5437992.5702756215,4829843166.0832405,412.12095238095236,5407734.896196297,59471.41973263687,4837738627.482953,34106160.3062327,411.8835476190476,2.911036144343356,0
79,0.565794,0.05044258839512501,0.11928287325718094,0.04089553535270065,0.021588944647918943,0.01391872001971879,1.0,0.0,1.0,0.0,5437992.5702756215,4829754427.732444,412.12095238095236,5406522.959409832,59792.14459844423,4837480263.035786,34331126.56796311,411.8835476190476,2.911036144343356,0
80,0.569888,0.05100466007467683,0.11682569267481129,0.040733627568852654,0.020064101300802203,0.015158399192785511,1.0,0.0,1.0,0.0,5437992.5702756215,4829754427.732444,412.12095238095236,5406483.170207077,59822.458149250146,4837263015.416247,34501472.50137179,411.8835476190476,2.911036144343356,0
81,0.569888,0.05100466007467683,0.11682569267481129,0.040733627568852654,0.020064101300802203,0.015158399192785511,1.0,0.0,1.0,0.0,5437992.5702756215,4829754427.732444,412.12095238095236,5406416.17543894,59721.85658381594,4836470828.525843,34357805.20131362,411.8835476190476,2.911036144343356,0
82,0.569888,0.05100466007467683,0.11682569267481129,0.040733627568852654,0.020064101300802203,0.015158399192785511,1.0,0.0,1.0,0.0,5437992.5702756215,4829754427.732444,412.12095238095236,5406217.999536964,60216.813428098365,4836438101.607144,34393616.50584915,411.8835476190476,2.911036144343356,0
83,0.569888,0.05100466007467683,0.11682569267481129,0.040733627568852654,0.020064101300802203,0.015158399192785511,1.0,0.0,1.0,0.0,5437992.5702756215,4829656476.968361,412.12095238095236,5405287.51844598,60693.076379976614,4836434836.581675,34394255.483054556,411.8835476190476,2.911036144343356,0
84,0.569888,0.05100466007467683,0.11682569267481129,0.040733627568852654,0.020064101300802203,0.015158399192785511,1.0,0.0,1.0,0.0,5437992.5702756215,4829656476.968361,412.12095238095236,5404415.438915851,62228.27970613512,4836247179.353855,34325725.76526978,411.8835476190476,2.911036144343356,0
85,0.5730426666666666,0.05141920075440907,0.11470578308270328,0.04075325419957723,0.017232117028421704,0.007440994574085584,1.0,0.0,1.0,0.0,5437992.5702756215,4829420677.395301,412.12095238095236,5404172.126727227,61783.79763845544,4836070102.942293,34582186.37170401,411.8835476190476,2.911036144343356,0
86,0.5730426666666666,0.05141920075440907,0.11470578308270328,0.04075325419957723,0.017232117028421704,0.007440994574085584,1.0,0.0,1.0,0.0,5437992.5702756215,4829420677.395301,412.12095238095236,5403970.165510665,62061.51982420083,4836069996.071923,34582232.472243264,411.8835476190476,2.911036144343356,0
87,0.5730426666666666,0.05141920075440907,0.11470578308270328,0.04075325419957723,0.017232117028421704,0.007440994574085584,1.0,0.0,1.0,0.0,5437992.5702756215,4829420677.395301,412.12095238095236,5403079.522707188,62059.99732161001,4835873009.325866,34884742.99166236,411.8835476190476,2.911036144343356,0
88,0.5730426666666666,0.05141920075440907,0.11470578308270328,0.04075325419957723,0.017232117028421704,0.007440994574085584,1.0,0.0,1.0,0.0,5437992.5702756215,4829420677.395301,412.12095238095236,5403023.293427663,62105.71913047055,4835726841.106409,35033708.92673237,411.8835476190476,2.911036144343356,0
89,0.5730426666666666,0.05141920075440907,0.11470578308270328,0.04075325419957723,0.017232117028421704,0.007440994574085584,1.0,0.0,1.0,0.0,5437992.5702756215,4829420677.395301,412.12095238095236,5402983.420458476,62099.78271757943,4835467340.212097,35347083.92247442,411.8835476190476,2.911036144343356,0
90,0.5748293333333334,0.05164799440658099,0.11357139024370673,0.040857687749976675,0.01871102132983302,0.009614761832997268,1.0,0.0,1.0,0.0,5437992.5702756215,4829420677.395301,412.12095238095236,5401424.07811506,61348.636229187745,4835467251.153455,35347119.99700336,411.8835476190476,2.911036144343356,0
91,0.5748293333333334,0.05164799440658099,0.11357139024370673,0.040857687749976675,0.01871102132983302,0.009614761832997268,1.0,0.0,1.0,0.0,5437992.5702756215,4829420677.395301,412.12095238095236,5401372.854886638,61353.11641414324,4835275462.709063,35601831.62128976,411.8835476190476,2.911036144343356,0
92,0.5748293333333334,0.05164799440658099,0.11357139024370673,0.040857687749976675,0.01871102132983302,0.009614761832997268,1.0,0.0,1.0,0.0,5437992.5702756215,4829420677.395301,412.12095238095236,5400149.666484562,62002.615495419064,4835149670.114009,35816675.77906318,411.8835476190476,2.911036144343356,0
93,0.5748293333333334,0.05164799440658099,0.11357139024370673,0.040857687749976675,0.01871102132983302,0.009614761832997268,1.0,0.0,1.0,0.0,5437992.5702756215,4829420677.395301,412.12095238095236,5399436.515870706,61152.67403795342,4835111059.404626,35847593.01556204,411.8835476190476,2.911036144343356,0
94,0.5748293333333334,0.05164799440658099,0.11357139024370673,0.040857687749976675,0.01871102132983302,0.009614761832997268,1.0,0.0,1.0,0.0,5437992.5702756215,4829224177.751083,412.12095238095236,5399148.675622333,60864.53255757972,4835087934.822228,35850519.08211664,411.8835476190476,2.911036144343356,0
95,0.5777186666666668,0.051772323090839005,0.1117261960713904,0.04085950494629598,0.01735921205652356,0.007942319552301168,1.0,0.0,1.0,0.0,5437992.5702756215,4829224177.751083,412.12095238095236,5399073.615196285,60831.92283484245,4835053916.252458,35855050.83417567,411.8835476190476,2.911036144343356,0
96,0.5777186666666668,0.051772323090839005,0.1117261960713904,0.04085950494629598,0.01735921205652356,0.007942319552301168,1.0,0.0,1.0,0.0,5437992.5702756215,4828241679.529999,412.12095238095236,5398307.591781802,61428.97326354402,4835004909.7038765,35881999.97207738,411.8835476190476,2.911036144343356,0
97,0.5777186666666668,0.051772323090839005,0.1117261960713904,0.04085950494629598,0.01735921205652356,0.007942319552301168,1.0,0.0,1.0,0.0,5437992.5702756215,4828241679.529999,412.12095238095236,5398138.910084367,61636.44857044407,4834997405.898376,35872614.61085032,411.8835476190476,2.911036144343356,0
98,0.5777186666666668,0.051772323090839005,0.1117261960713904,0.04085950494629598,0.01735921205652356,0.007942319552301168,1.0,0.0,1.0,0.0,5437992.5702756215,4828241679.529999,412.12095238095236,5397958.630117605,61785.92428365248,4834881763.067972,35896947.50748427,411.8835476190476,2.911036144343356,0
99,0.5777186666666668,0.051772323090839005,0.1117261960713904,0.04085950494629598,0.01735921205652356,0.007942319552301168,1.0,0.0,1.0,0.0,5437992.5702756215,4828241679.529999,412.12095238095236,5397946.538036285,61781.32298990386,4834834078.783473,35838200.476832785,411.8835476190476,2.911036144343356,0
100,0.580048,0.05214742936457495,0.11024137683752319,0.04099081297037787,0.01622490041700779,0.00676003436025771,1.0,0.0,1.0,0.0,5437992.5702756215,4816937755.608528,412.12095238095236,5397042.700632908,61202.88717745632,4834457281.319424,35964731.69088811,411.8835476190476,2.911036144343356,0
101,0.580048,0.05214742936457495,0.11024137683752319,0.04099081297037787,0.01622490041700779,0.00676003436025771,1.0,0.0,1.0,0.0,5437992.5702756215,4816937755.608528,412.12095238095236,5396701.00179341,61499.84668600664,4834457281.319424,35964731.69088811,411.7413253968253,2.998864888984822,0
102,0.580048,0.05214742936457495,0.11024137683752319,0.04099081297037787,0.01622490041700779,0.00676003436025771,1.0,0.0,1.0,0.0,5437992.5702756215,4816587760.128774,412.12095238095236,5396676.661400037,61514.755859396144,4834375505.574431,35886816.36435978,411.7413253968253,2.998864888984822,0
103,0.580048,0.05214742936457495,0.11024137683752319,0.04099081297037787,0.01622490041700779,0.00676003436025771,1.0,0.0,1.0,0.0,5437992.5702756215,4816587760.128774,412.12095238095236,5396665.412419915,61527.17971451267,4834375505.574431,35886816.36435978,411.7413253968253,2.998864888984822,0
104,0.580048,0.05214742936457495,0.11024137683752319,0.04099081297037787,0.01622490041700779,0.00676003436025771,1.0,0.0,1.0,0.0,5437992.5702756215,4816587760.128774,412.12095238095236,5396660.565323384,61524.16804941764,4834229020.341098,35813972.19265402,411.7413253968253,2.998864888984822,0
105,0.5827626666666664,0.053101747048054426,0.10861391746956217,0.04137581700894482,0.016677470889717872,0.007319017264996986,1.0,0.0,1.0,0.0,5437992.5702756215,4816587760.128774,412.12095238095236,5396567.660492597,61613.195653991505,4834188768.055819,35772122.36603326,411.7413253968253,2.998864888984822,0
106,0.5827626666666664,0.053101747048054426,0.10861391746956217,0.04137581700894482,0.016677470889717872,0.007319017264996986,1.0,0.0,1.0,0.0,5437992.5702756215,4816587760.128774,412.12095238095236,5396517.342325792,61624.103670951976,4834118114.121412,35896443.887434915,411.7413253968253,2.998864888984822,0
107,0.5827626666666664,0.053101747048054426,0.10861391746956217,0.04137581700894482,0.016677470889717872,0.007319017264996986,1.0,0.0,1.0,0.0,5437992.5702756215,4816587760.128774,412.12095238095236,5395962.437387075,61555.20899128088,4834118114.121412,35896443.887434915,411.7413253968253,2.998864888984822,0
108,0.5827626666666664,0.053101747048054426,0.10861391746956217,0.04137581700894482,0.016677470889717872,0.007319017264996986,1.0,0.0,1.0,0.0,5437992.5702756215,4816587760.128774,412.12095238095236,5395776.613006941,61680.74366816803,4833927096.117959,36142391.94929894,411.7413253968253,2.998864888984822,0
109,0.5827626666666664,0.053101747048054426,0.10861391746956217,0.04137581700894482,0.016677470889717872,0.007319017264996986,1.0,0.0,1.0,0.0,5437992.5702756215,4816587760.128774,412.12095238095236,5395681.546970367,61735.23048943682,4833927096.117959,36142391.94929894,411.7413253968253,2.998864888984822,0
110,0.5849619999999999,0.05435164207271019,0.1075287026604747,0.041885706850990474,0.018041455332373963,0.008154279707212901,1.0,0.0,1.0,0.0,5437056.083941466,4816587760.128774,412.12095238095236,5395648.494409529,61723.856015213205,4833927096.117959,36142391.94929894,411.7413253968253,2.998864888984822,0
111,0.5849619999999999,0.05435164207271019,0.1075287026604747,0.041885706850990474,0.018041455332373963,0.008154279707212901,1.0,0.0,1.0,0.0,5436884.988334676,4816587760.128774,412.12095238095236,5395563.128664101,61787.14114686352,4833927096.117959,36142391.94929894,411.7413253968253,2.998864888984822,0
112,0.5849619999999999,0.05435164207271019,0.1075287026604747,0.041885706850990474,0.018041455332373963,0.008154279707212901,1.0,0.0,1.0,0.0,5436884.988334676,4816587760.128774,412.12095238095236,5395516.094203464,61831.71132094642,4833853846.306478,36155657.138157025,411.7413253968253,2.998864888984822,0
113,0.5849619999999999,0.05435164207271019,0.1075287026604747,0.041885706850990474,0.018041455332373963,0.008154279707212901,1.0,0.0,1.0,0.0,5436884.988334676,4808313386.269999,412.12095238095236,5395338.208169313,61522.93082694481,4833561417.07765,36307904.386399336,411.7413253968253,2.998864888984822,0
114,0.5849619999999999,0.05435164207271019,0.1075287026604747,0.041885706850990474,0.018041455332373963,0.008154279707212901,1.0,0.0,1.0,0.0,5436884.988334676,4808313386.269999,412.12095238095236,5395260.19305555,61618.39412373928,4833561417.07765,36307904.386399336,411.7413253968253,2.998864888984822,0
115,0.5862560000000001,0.05498998900406024,0.10638384810635593,0.04205120256678265,0.016812164713406928,0.006545128045279833,1.0,0.0,1.0,0.0,5436884.988334676,4796351290.129999,412.12095238095236,5395246.4660864165,61583.805352805386,4833162680.539651,36647091.01277189,411.7413253968253,2.998864888984822,0
116,0.5862560000000001,0.05498998900406024,0.10638384810635593,0.04205120256678265,0.016812164713406928,0.006545128045279833,1.0,0.0,1.0,0.0,5436884.988334676,4796351290.129999,412.12095238095236,5395200.102510702,61575.82665822776,4833162680.539651,36647091.01277189,411.7413253968253,2.998864888984822,0
117,0.5862560000000001,0.05498998900406024,0.10638384810635593,0.04205120256678265,0.016812164713406928,0.006545128045279833,1.0,0.0,1.0,0.0,5436615.811272866,4796351290.129999,412.12095238095236,5395149.512558189,61581.12283509812,4833154116.638144,36655555.829601616,411.7413253968253,2.998864888984822,0
118,0.5862560000000001,0.05498998900406024,0.10638384810635593,0.04205120256678265,0.016812164713406928,0.006545128045279833,1.0,0.0,1.0,0.0,5436615.811272866,4796351290.129999,412.12095238095236,5394921.114047817,61410.42847311162,4833154116.638144,36655555.829601616,411.7413253968253,2.998864888984822,0
119,0.5862560000000001,0.05498998900406024,0.10638384810635593,0.04205120256678265,0.016812164713406928,0.006545128045279833,1.0,0.0,1.0,0.0,5436615.811272866,4796351290.129999,412.12095238095236,5394889.72824497,61358.031683598085,4833154116.638144,36655555.829601616,411.7413253968253,2.998864888984822,0
120,0.587778,0.0559554966856102,0.10555288347606145,0.04241732835189647,0.015827862717374516,0.0057828222233406714,1.0,0.0,1.0,0.0,5436369.954892751,4796351290.129999,412.12095238095236,5394757.243439979,61466.69653013136,4833136521.804096,36661293.67291355,411.7413253968253,2.998864888984822,0
121,0.587778,0.0559554966856102,0.10555288347606145,0.04241732835189647,0.015827862717374516,0.0057828222233406714,1.0,0.0,1.0,0.0,5436369.954892751,4796351290.129999,412.12095238095236,5394730.492885222,61427.92560194706,4833136521.804096,36661293.67291355,411.7413253968253,2.998864888984822,0
122,0.587778,0.0559554966856102,0.10555288347606145,0.04241732835189647,0.015827862717374516,0.0057828222233406714,1.0,0.0,1.0,0.0,5436369.954892751,4796351290.129999,412.12095238095236,5394711.3038709825,61428.055561164256,4833085506.486804,36731206.23661604,411.7413253968253,2.998864888984822,0
123,0.587778,0.0559554966856102,0.10555288347606145,0.04241732835189647,0.015827862717374516,0.0057828222233406714,1.0,0.0,1.0,0.0,5436369.954892751,4788164541.0005865,412.12095238095236,5394662.3864410985,61455.0698088899,4832812614.849156,37032283.99716168,411.7413253968253,2.998864888984822,0
124,0.587778,0.0559554966856102,0.10555288347606145,0.04241732835189647,0.015827862717374516,0.0057828222233406714,1.0,0.0,1.0,0.0,5436369.954892751,4788123804.529999,412.12095238095236,5394646.678178918,61442.882133350475,4832811256.966804,37033921.81745094,411.7413253968253,2.998864888984822,0
125,0.5886240000000001,0.05598648155879537,0.10500515837828356,0.042586632833479805,0.015925855429982476,0.00652394401219588,1.0,0.0,1.0,0.0,5436369.954892751,4788123804.529999,412.12095238095236,5394627.744640902,61428.3035051087,4832771058.27896,37011722.96197007,411.7413253968253,2.998864888984822,0
126,0.5886240000000001,0.05598648155879537,0.10500515837828356,0.042586632833479805,0.015925855429982476,0.00652394401219588,1.0,0.0,1.0,0.0,5436369.954892751,4788123804.529999,412.12095238095236,5394640.989262332,61456.551506423835,4832665042.5888405,36960327.39115389,411.7413253968253,2.998864888984822,0
127,0.5886240000000001,0.05598648155879537,0.10500515837828356,0.042586632833479805,0.015925855429982476,0.00652394401219588,1.0,0.0,1.0,0.0,5436369.954892751,4788123804.529999,412.12095238095236,5394576.3694038475,61519.15370894759,4832627763.241308,36997026.29963284,411.7413253968253,2.998864888984822,0
128,0.5886240000000001,0.05598648155879537,0.10500515837828356,0.042586632833479805,0.015925855429982476,0.00652394401219588,1.0,0.0,1.0,0.0,5436369.954892751,4788123804.529999,412.12095238095236,5394525.315997022,61566.623524011884,4832627763.241308,36997026.29963284,411.7413253968253,2.998864888984822,0
129,0.5886240000000001,0.05598648155879537,0.10500515837828356,0.042586632833479805,0.015925855429982476,0.00652394401219588,1.0,0.0,1.0,0.0,5436369.954892751,4788123804.529999,412.12095238095236,5394524.963862071,61565.73413138972,4832103119.747024,36865314.24221351,411.7413253968253,2.998864888984822,0
130,0.5894433333333334,0.056186919019366864,0.10428959862375134,0.04246875569562124,0.017329362502873143,0.00800322171260359,1.0,0.0,1.0,0.0,5436369.954892751,4788123804.529999,412.12095238095236,5394520.173328872,61569.487210609426,4831622267.376418,36935305.82838744,411.7413253968253,2.998864888984822,0
131,0.5894433333333334,0.056186919019366864,0.10428959862375134,0.04246875569562124,0.017329362502873143,0.00800322171260359,1.0,0.0,1.0,0.0,5435269.925963813,4788123804.529999,412.12095238095236,5394378.653479159,61506.405388299194,4831617650.576418,36940950.51002491,411.7413253968253,2.998864888984822,0
132,0.5894433333333334,0.056186919019366864,0.10428959862375134,0.04246875569562124,0.017329362502873143,0.00800322171260359,1.0,0.0,1.0,0.0,5435269.925963813,4788123804.529999,412.12095238095236,5394370.6450509485,61512.40638785654,4831617650.576418,36940950.51002491,411.7413253968253,2.998864888984822,0
133,0.5894433333333334,0.056186919019366864,0.10428959862375134,0.04246875569562124,0.017329362502873143,0.00800322171260359,1.0,0.0,1.0,0.0,5435269.925963813,4788123804.529999,412.12095238095236,5394312.432197546,61448.437771020894,4831617650.576418,36940950.51002491,411.7413253968253,2.998864888984822,0
134,0.5894433333333334,0.056186919019366864,0.10428959862375134,0.04246875569562124,0.017329362502873143,0.00800322171260359,1.0,0.0,1.0,0.0,5435269.925963813,4788123804.529999,412.12095238095236,5393912.156999276,61382.40051953741,4831605120.556025,36957818.99127298,411.7413253968253,2.998864888984822,0
135,0.5903886666666668,0.05632840625790468,0.10381886122476383,0.042576121573278,0.016125477323223666,0.007657671064850622,1.0,0.0,1.0,0.0,5435269.925963813,4788123804.529999,412.12095238095236,5393858.743684559,61393.63542409331,4831566030.266393,37011185.25369735,411.7413253968253,2.998864888984822,0
136,0.5903886666666668,0.05632840625790468,0.10381886122476383,0.042576121573278,0.016125477323223666,0.007657671064850622,1.0,0.0,1.0,0.0,5435269.925963813,4788123804.529999,412.12095238095236,5393858.743684559,61393.63542409331,4831507396.664827,37031848.24840181,411.7413253968253,2.998864888984822,0
137,0.5903886666666668,0.05632840625790468,0.10381886122476383,0.042576121573278,0.016125477323223666,0.007657671064850622,1.0,0.0,1.0,0.0,5435269.925963813,4788123804.529999,412.12095238095236,5393848.662911421,61403.56382404077,4831507396.664827,37031848.24840181,411.7413253968253,2.998864888984822,0
138,0.5903886666666668,0.05632840625790468,0.10381886122476383,0.042576121573278,0.016125477323223666,0.007657671064850622,1.0,0.0,1.0,0.0,5435269.925963813,4788123804.529999,412.12095238095236,5392204.993944597,60800.826355696,4831507396.664827,37031848.24840181,411.7413253968253,2.998864888984822,0
139,0.5903886666666668,0.05632840625790468,0.10381886122476383,0.042576121573278,0.016125477323223666,0.007657671064850622,1.0,0.0,1.0,0.0,5435269.925963813,4788123804.529999,412.12095238095236,5392136.396012817,60696.08534899498,4831225968.539457,36990205.88141531,411.7413253968253,2.998864888984822,0
140,0.59139,0.056264048379049296,0.1032652819569556,0.04264398093828959,0.017576594066633523,0.009501661446671807,1.0,0.0,1.0,0.0,5435269.925963813,4788123804.529999,412.12095238095236,5392060.406796376,60639.572878480496,4831220428.379457,36995540.736559175,411.7413253968253,2.998864888984822,0
141,0.59139,0.056264048379049296,0.1032652819569556,0.04264398093828959,0.017576594066633523,0.009501661446671807,1.0,0.0,1.0,0.0,5435269.925963813,4788123804.529999,412.12095238095236,5392047.754983818,60636.68040760019,4831220428.379457,36995540.736559175,411.7413253968253,2.998864888984822,0
142,0.59139,0.056264048379049296,0.1032652819569556,0.04264398093828959,0.017576594066633523,0.009501661446671807,1.0,0.0,1.0,0.0,5435269.925963813,4788123804.529999,412.12095238095236,5391884.560587851,60637.968964101914,4830927260.371628,37136807.899003275,411.7413253968253,2.998864888984822,0
143,0.59139,0.056264048379049296,0.1032652819569556,0.04264398093828959,0.017576594066633523,0.009501661446671807,1.0,0.0,1.0,0.0,5435269.925963813,4788123804.529999,412.12095238095236,5391841.150659768,60680.68485325202,4830927260.371628,37136807.899003275,411.7413253968253,2.998864888984822,0
144,0.59139,0.056264048379049296,0.1032652819569556,0.04264398093828959,0.017576594066633523,0.009501661446671807,1.0,0.0,1.0,0.0,5435269.925963813,4788123804.529999,412.12095238095236,5391824.106968394,60665.54662782348,4830927260.371628,37136807.899003275,411.7413253968253,2.998864888984822,0
145,0.5925413333333333,0.05627758036336989,0.10270549547620714,0.04277438538275505,0.01682883927204072,0.009386417816014863,1.0,0.0,1.0,0.0,5435269.925963813,4788123804.529999,412.12095238095236,5391784.976334166,60717.39289204284,4830927260.371628,37136807.899003275,411.7413253968253,2.998864888984822,0
146,0.5925413333333333,0.05627758036336989,0.10270549547620714,0.04277438538275505,0.01682883927204072,0.009386417816014863,1.0,0.0,1.0,0.0,5435269.925963813,4788123804.529999,412.12095238095236,5391741.53214482,60690.19722884877,4830906058.451628,37130364.45368725,411.7413253968253,2.998864888984822,0
147,0.5925413333333333,0.05627758036336989,0.10270549547620714,0.04277438538275505,0.01682883927204072,0.009386417816014863,1.0,0.0,1.0,0.0,5435269.925963813,4788123804.529999,412.12095238095236,5391741.400458725,60690.39050890005,4830800048.851627,37103401.00007891,411.7413253968253,2.998864888984822,0
148,0.5925413333333333,0.05627758036336989,0.10270549547620714,0.04277438538275505,0.01682883927204072,0.009386417816014863,1.0,0.0,1.0,0.0,5435269.925963813,4788123804.529999,412.12095238095236,5391705.96359063,60725.35236578943,4829076958.240094,37888357.54785837,411.7413253968253,2.998864888984822,0
149,0.5925413333333333,0.05627758036336989,0.10270549547620714,0.04277438538275505,0.01682883927204072,0.009386417816014863,1.0,0.0,1.0,0.0,5435269.925963813,4788123804.529999,412.12095238095236,5391681.7803475205,60736.36316322929,4828602818.950332,38495940.96598331,411.7413253968253,2.998864888984822,0
150,0.593098,0.05627917823375415,0.10236229371687917,0.04292737540235573,0.016837469371000526,0.009469409449364417,1.0,0.0,1.0,0.0,5435269.925963813,4788123804.529999,412.12095238095236,5391580.431073916,60748.41978757011,4828581617.030332,38526839.039999925,411.7413253968253,2.998864888984822,0
151,0.593098,0.05627917823375415,0.10236229371687917,0.04292737540235573,0.016837469371000526,0.009469409449364417,1.0,0.0,1.0,0.0,5435269.925963813,4788123804.529999,412.12095238095236,5391576.563340583,60748.7216059704,4828581617.030332,38526839.039999925,411.7413253968253,2.998864888984822,0
152,0.593098,0.05627917823375415,0.10236229371687917,0.04292737540235573,0.016837469371000526,0.009469409449364417,1.0,0.0,1.0,0.0,5435269.925963813,4788123804.529999,412.12095238095236,5391419.178354984,60812.70216412808,4828581617.030332,38526839.039999925,411.7413253968253,2.998864888984822,0
153,0.593098,0.05627917823375415,0.10236229371687917,0.04292737540235573,0.016837469371000526,0.009469409449364417,1.0,0.0,1.0,0.0,5435269.925963813,4788123804.529999,412.12095238095236,5391309.949535445,60870.7764047888,4828581617.030332,38526839.039999925,411.7413253968253,2.998864888984822,0
154,0.593098,0.05627917823375415,0.10236229371687917,0.04292737540235573,0.016837469371000526,0.009469409449364417,1.0,0.0,1.0,0.0,5435269.925963813,4788123804.529999,412.12095238095236,5391279.732549382,60846.8308922228,4828528612.230331,38605453.38894828,411.7413253968253,2.998864888984822,0
155,0.5940600000000001,0.05607458437949704,0.1015445346092633,0.04283399575798458,0.01505297297540134,0.007343349980869761,1.0,0.0,1.0,0.0,5435269.925963813,4788123804.529999,412.12095238095236,5391221.898706308,60878.37360713392,4828528612.230331,38605453.38894828,411.7413253968253,2.998864888984822,0
156,0.5940600000000001,0.05607458437949704,0.1015445346092633,0.04283399575798458,0.01505297297540134,0.007343349980869761,1.0,0.0,1.0,0.0,5435269.925963813,4788123804.529999,412.12095238095236,5391187.697595248,60874.31754731821,4828528612.230331,38605453.38894828,411.7413253968253,2.998864888984822,0
157,0.5940600000000001,0.05607458437949704,0.1015445346092633,0.04283399575798458,0.01505297297540134,0.007343349980869761,1.0,0.0,1.0,0.0,5435269.925963813,4788123804.529999,412.12095238095236,5391130.445020508,60874.31901466172,4828475607.430331,38686014.11143554,411.7413253968253,2.998864888984822,0
158,0.5940600000000001,0.05607458437949704,0.1015445346092633,0.04283399575798458,0.01505297297540134,0.007343349980869761,1.0,0.0,1.0,0.0,5435269.925963813,4788123804.529999,412.12095238095236,5391038.990998738,60859.71959246854,4828475607.430331,38686014.11143554,411.7413253968253,2.998864888984822,0
159,0.5940600000000001,0.05607458437949704,0.1015445346092633,0.04283399575798458,0.01505297297540134,0.007343349980869761,1.0,0.0,1.0,0.0,5435269.925963813,4788123804.529999,412.12095238095236,5390992.963859742,60895.87329003298,4828475607.430331,38686014.11143554,411.7413253968253,2.998864888984822,0
160,0.5945286666666667,0.05606520862551233,0.10080361882718475,0.042845056495733454,0.015328282332670652,0.00899198729549191,1.0,0.0,1.0,0.0,5435269.925963813,4788123804.529999,412.12095238095236,5390992.963859742,60895.87329003298,4828475607.430331,38686014.11143554,411.7413253968253,2.998864888984822,0
161,0.5945286666666667,0.05606520862551233,0.10080361882718475,0.042845056495733454,0.015328282332670652,0.00899198729549191,1.0,0.0,1.0,0.0,5434058.858506214,4788123804.529999,412.12095238095236,5390899.155794,60796.9503005489,4828475607.430331,38686014.11143554,411.7413253968253,2.998864888984822,0
162,0.5945286666666667,0.05606520862551233,0.10080361882718475,0.042845056495733454,0.015328282332670652,0.00899198729549191,1.0,0.0,1.0,0.0,5434058.858506214,4788123804.529999,412.12095238095236,5390887.906280819,60797.55141439239,4828475607.430331,38686014.11143554,411.7413253968253,2.998864888984822,0
163,0.5945286666666667,0.05606520862551233,0.10080361882718475,0.042845056495733454,0.015328282332670652,0.00899198729549191,1.0,0.0,1.0,0.0,5434058.858506214,4788123804.529999,412.12095238095236,5390887.906280819,60797.55141439239,4828475607.430331,38686014.11143554,411.7413253968253,2.998864888984822,0
164,0.5945286666666667,0.05606520862551233,0.10080361882718475,0.042845056495733454,0.015328282332670652,0.00899198729549191,1.0,0.0,1.0,0.0,5434058.858506214,4788123804.529999,412.12095238095236,5390875.874443833,60794.481513863975,4828475607.430331,38686014.11143554,411.7413253968253,2.998864888984822,0
165,0.5962113333333333,0.054212857683599576,0.0998246450823061,0.042274823425940675,0.015673333856289384,0.008424288475374275,1.0,0.0,1.0,0.0,5434058.858506214,4788123804.529999,412.12095238095236,5390866.404860686,60790.52906661388,4828475607.430331,38686014.11143554,411.7413253968253,2.998864888984822,0
166,0.5962113333333333,0.054212857683599576,0.0998246450823061,0.042274823425940675,0.015673333856289384,0.008424288475374275,1.0,0.0,1.0,0.0,5434058.858506214,4788123804.529999,412.12095238095236,5390860.651009134,60798.27274442309,4828475607.430331,38686014.11143554,411.7413253968253,2.998864888984822,0
167,0.5962113333333333,0.054212857683599576,0.0998246450823061,0.042274823425940675,0.015673333856289384,0.008424288475374275,1.0,0.0,1.0,0.0,5434058.858506214,4788123804.529999,412.12095238095236,5390830.406508952,60826.45121017876,4828475607.430331,38686014.11143554,411.7413253968253,2.998864888984822,0
168,0.5962113333333333,0.054212857683599576,0.0998246450823061,0.042274823425940675,0.015673333856289384,0.008424288475374275,1.0,0.0,1.0,0.0,5433193.810322214,4788123804.529999,412.12095238095236,5390755.142269337,60686.542924223846,4828475607.430331,38686014.11143554,411.7413253968253,2.998864888984822,0
169,0.5962113333333333,0.054212857683599576,0.0998246450823061,0.042274823425940675,0.015673333856289384,0.008424288475374275,1.0,0.0,1.0,0.0,5433193.810322214,4788123804.529999,412.12095238095236,5390692.618122978,60626.55236688559,4828475607.430331,38686014.11143554,411.7413253968253,2.998864888984822,0
170,0.5968286666666667,0.05470937315995819,0.09952567240796156,0.04231267653902392,0.016162133319506576,0.008124437879741738,1.0,0.0,1.0,0.0,5433193.810322214,4788123804.529999,412.12095238095236,5390691.0160028245,60626.51888640635,4828445688.640332,38671196.03603094,411.7413253968253,2.998864888984822,0
171,0.5968286666666667,0.05470937315995819,0.09952567240796156,0.04231267653902392,0.016162133319506576,0.008124437879741738,1.0,0.0,1.0,0.0,5433193.810322214,4788123804.529999,412.12095238095236,5390662.64878718,60579.97499325411,4828445688.640332,38671196.03603094,411.7413253968253,2.998864888984822,0
172,0.5968286666666667,0.05470937315995819,0.09952567240796156,0.04231267653902392,0.016162133319506576,0.008124437879741738,1.0,0.0,1.0,0.0,5433193.810322214,4788123804.529999,412.12095238095236,5390652.65635028,60606.4991283793,4828445688.640332,38671196.03603094,411.7413253968253,2.998864888984822,0
173,0.5968286666666667,0.05470937315995819,0.09952567240796156,0.04231267653902392,0.016162133319506576,0.008124437879741738,1.0,0.0,1.0,0.0,5433193.810322214,4788123804.529999,412.12095238095236,5390612.976042298,60600.05982719786,4828445688.640332,38671196.03603094,411.5991031746031,3.077628224804097,0
174,0.5968286666666667,0.05470937315995819,0.09952567240796156,0.04231267653902392,0.016162133319506576,0.008124437879741738,1.0,0.0,1.0,0.0,5433193.810322214,4788123804.529999,412.12095238095236,5390603.883845718,60600.807602029585,4828445688.640332,38671196.03603094,411.5991031746031,3.077628224804097,0
175,0.5973186666666667,0.054613130761343054,0.09912382796886367,0.042368501077339936,0.01814428622961042,0.013003955302857138,1.0,0.0,1.0,0.0,5433193.810322214,4788123804.529999,412.12095238095236,5390603.883845718,60600.807602029585,4828445688.640332,38671196.03603094,411.5991031746031,3.077628224804097,0
176,0.5973186666666667,0.054613130761343054,0.09912382796886367,0.042368501077339936,0.01814428622961042,0.013003955302857138,1.0,0.0,1.0,0.0,5433193.810322214,4788123804.529999,412.12095238095236,5390582.431936938,60623.23402423835,4828445688.640332,38671196.03603094,411.5991031746031,3.077628224804097,0
177,0.5973186666666667,0.054613130761343054,0.09912382796886367,0.042368501077339936,0.01814428622961042,0.013003955302857138,1.0,0.0,1.0,0.0,5433193.810322214,4788123804.529999,412.12095238095236,5390559.425613939,60621.866468485314,4828445688.640332,38671196.03603094,411.5991031746031,3.077628224804097,0
178,0.5973186666666667,0.054613130761343054,0.09912382796886367,0.042368501077339936,0.01814428622961042,0.013003955302857138,1.0,0.0,1.0,0.0,5433193.810322214,4788123804.529999,412.12095238095236,5390559.425613939,60621.866468485314,4828445688.640332,38671196.03603094,411.5991031746031,3.077628224804097,0
179,0.5973186666666667,0.054613130761343054,0.09912382796886367,0.042368501077339936,0.01814428622961042,0.013003955302857138,1.0,0.0,1.0,0.0,5433193.810322214,4788123804.529999,412.12095238095236,5390282.74302511,60506.3000539329,4828445688.640332,38671196.03603094,411.5991031746031,3.077628224804097,0
180,0.5976199999999999,0.05465175690984996,0.09878016778858638,0.04239949710880147,0.016764107309902413,0.012642422554950468,1.0,0.0,1.0,0.0,5433193.810322214,4788123804.529999,407.8542857142857,5390282.74302511,60506.3000539329,4828444765.280332,38670749.30541984,411.45688095238086,3.1480066767476877,0
181,0.5976199999999999,0.05465175690984996,0.09878016778858638,0.04239949710880147,0.016764107309902413,0.012642422554950468,1.0,0.0,1.0,0.0,5433193.810322214,4788123804.529999,407.8542857142857,5390282.74302511,60506.3000539329,4828444765.280332,38670749.30541984,411.45688095238086,3.1480066767476877,0
182,0.5976199999999999,0.05465175690984996,0.09878016778858638,0.04239949710880147,0.016764107309902413,0.012642422554950468,1.0,0.0,1.0,0.0,5433193.810322214,4788123804.529999,407.8542857142857,5390282.74302511,60506.3000539329,4828444765.280332,38670749.30541984,411.45688095238086,3.1480066767476877,0
183,0.5976199999999999,0.05465175690984996,0.09878016778858638,0.04239949710880147,0.016764107309902413,0.012642422554950468,1.0,0.0,1.0,0.0,5433193.810322214,4788123804.529999,407.8542857142857,5390254.67459163,60498.0676999258,4828444765.280332,38670749.30541984,411.45688095238086,3.1480066767476877,0
184,0.5976199999999999,0.05465175690984996,0.09878016778858638,0.04239949710880147,0.016764107309902413,0.012642422554950468,1.0,0.0,1.0,0.0,5433193.810322214,4788123804.529999,407.8542857142857,5390238.065232628,60510.80856464812,4828444765.280332,38670749.30541984,411.45688095238086,3.1480066767476877,0
185,0.5981593333333335,0.05426841597917603,0.0985641421684774,0.042401216545274546,0.015950492223263522,0.007816795176493446,1.0,0.0,1.0,0.0,5433193.810322214,4788123804.529999,407.8542857142857,5390220.10132174,60524.837594073586,4828444765.280332,38670749.30541984,411.45688095238086,3.1480066767476877,0
186,0.5981593333333335,0.05426841597917603,0.0985641421684774,0.042401216545274546,0.015950492223263522,0.007816795176493446,1.0,0.0,1.0,0.0,5433193.810322214,4788123804.529999,407.8542857142857,5390214.892931087,60524.885558405724,4828444765.280332,38670749.30541984,411.45688095238086,3.1480066767476877,0
187,0.5981593333333335,0.05426841597917603,0.0985641421684774,0.042401216545274546,0.015950492223263522,0.007816795176493446,1.0,0.0,1.0,0.0,5433024.3791548535,4788123804.529999,407.8542857142857,5389991.303228785,60535.563170726826,4828444765.280332,38670749.30541984,411.45688095238086,3.1480066767476877,0
188,0.5981593333333335,0.05426841597917603,0.0985641421684774,0.042401216545274546,0.015950492223263522,0.007816795176493446,1.0,0.0,1.0,0.0,5432707.51356541,4788123804.529999,407.8542857142857,5389867.235819201,60546.9707883048,4828444765.280332,38670749.30541984,411.45688095238086,3.1480066767476877,0
189,0.5981593333333335,0.05426841597917603,0.0985641421684774,0.042401216545274546,0.015950492223263522,0.007816795176493446,1.0,0.0,1.0,0.0,5432707.51356541,4788123804.529999,407.8542857142857,5389827.418900291,60575.13566612525,4828293658.042831,38496263.73602374,411.45688095238086,3.1480066767476877,0
190,0.5984866666666668,0.0542890690859792,0.0981785880876954,0.04244152027259941,0.01847523695553902,0.013228240532537407,1.0,0.0,1.0,0.0,5432443.458907539,4788123804.529999,407.8542857142857,5389661.503585136,60662.0075179946,4828293658.042831,38496263.73602374,411.45688095238086,3.1480066767476877,0
191,0.5984866666666668,0.0542890690859792,0.0981785880876954,0.04244152027259941,0.01847523695553902,0.013228240532537407,1.0,0.0,1.0,0.0,5432443.458907539,4788123804.529999,407.8542857142857,5389620.974442184,60639.669566953766,4828292888.576165,38495887.23944521,411.45688095238086,3.1480066767476877,0
192,0.5984866666666668,0.0542890690859792,0.0981785880876954,0.04244152027259941,0.01847523695553902,0.013228240532537407,1.0,0.0,1.0,0.0,5432443.458907539,4788123804.529999,407.8542857142857,5389553.282437808,60601.44800349164,4828292888.576165,38495887.23944521,411.45688095238086,3.1480066767476877,0
193,0.5984866666666668,0.0542890690859792,0.0981785880876954,0.04244152027259941,0.01847523695553902,0.013228240532537407,1.0,0.0,1.0,0.0,5432443.458907539,4788123804.529999,407.8542857142857,5389242.99355355,60795.16286951981,4828267704.036581,38468402.12715458,411.45688095238086,3.1480066767476877,0
194,0.5984866666666668,0.0542890690859792,0.0981785880876954,0.04244152027259941,0.01847523695553902,0.013228240532537407,1.0,0.0,1.0,0.0,5429133.756127331,4788123804.529999,407.8542857142857,5389127.022421965,60723.60516967902,4828134896.894036,38634558.16453478,411.45688095238086,3.1480066767476877,0
195,0.5990260000000001,0.054181465010339706,0.09770391975395055,0.042282161918868896,0.01737275137717274,0.013241498659547489,1.0,0.0,1.0,0.0,5429133.756127331,4788123804.529999,407.8542857142857,5389115.463581774,60722.13189504607,4827472718.51637,38831931.66375267,411.45688095238086,3.1480066767476877,0
196,0.5990260000000001,0.054181465010339706,0.09770391975395055,0.042282161918868896,0.01737275137717274,0.013241498659547489,1.0,0.0,1.0,0.0,5429133.756127331,4788123804.529999,407.8542857142857,5388602.839977111,60492.02549311956,4827331677.727092,38916074.95978179,411.45688095238086,3.1480066767476877,0
197,0.5990260000000001,0.054181465010339706,0.09770391975395055,0.042282161918868896,0.01737275137717274,0.013241498659547489,1.0,0.0,1.0,0.0,5429133.756127331,4788123804.529999,407.8542857142857,5388427.607739148,60442.08930505557,4827067502.370535,38902106.20314276,411.45688095238086,3.1480066767476877,0
198,0.5990260000000001,0.054181465010339706,0.09770391975395055,0.042282161918868896,0.01737275137717274,0.013241498659547489,1.0,0.0,1.0,0.0,5429133.756127331,4788123804.529999,407.8542857142857,5388221.070985509,60603.69451454126,4826896518.262125,39131531.53642019,411.45688095238086,3.1480066767476877,0
199,0.5990260000000001,0.054181465010339706,0.09770391975395055,0.042282161918868896,0.01737275137717274,0.013241498659547489,1.0,0.0,1.0,0.0,5429133.756127331,4788123804.529999,407.8542857142857,5388130.25409917,60644.120901455884,4826894247.704747,39130362.86633828,411.45688095238086,3.1480066767476877,0
200,0.5998300000000001,0.054339897619827486,0.09720554904074907,0.042520919119345385,0.01826201500822435,0.010185689841985954,1.0,0.0,1.0,0.0,5429133.756127331,4788123804.529999,407.8542857142857,5387904.617134292,60756.710232820566,4826766768.302802,39231752.41691234,411.45688095238086,3.1480066767476877,0
201,0.5998300000000001,0.054339897619827486,0.09720554904074907,0.042520919119345385,0.01826201500822435,0.010185689841985954,1.0,0.0,1.0,0.0,5429133.756127331,4788123804.529999,407.8542857142857,5387837.724780222,60653.85044087834,4826766768.302802,39231752.41691234,411.45688095238086,3.1480066767476877,0
202,0.5998300000000001,0.054339897619827486,0.09720554904074907,0.042520919119345385,0.01826201500822435,0.010185689841985954,1.0,0.0,1.0,0.0,5429133.756127331,4788123804.529999,407.8542857142857,5387730.723132904,60756.17925607923,4826172027.621989,39857920.60052767,411.45688095238086,3.1480066767476877,0
203,0.5998300000000001,0.054339897619827486,0.09720554904074907,0.042520919119345385,0.01826201500822435,0.010185689841985954,1.0,0.0,1.0,0.0,5429133.756127331,4788123804.529999,407.8542857142857,5387730.723132904,60756.17925607923,4826153764.464846,39848496.27577404,411.45688095238086,3.1480066767476877,0
204,0.5998300000000001,0.054339897619827486,0.09720554904074907,0.042520919119345385,0.01826201500822435,0.010185689841985954,1.0,0.0,1.0,0.0,5429064.897187352,4788123804.529999,407.8542857142857,5387479.75300419,60846.270459889645,4826081898.575132,39940875.18026704,411.45688095238086,3.1480066767476877,0
205,0.6009880000000002,0.05383307226355684,0.09660070313643966,0.04244362962844773,0.016238936527680554,0.009123102211184144,1.0,0.0,1.0,0.0,5429064.897187352,4788123804.529999,407.8542857142857,5387479.75300419,60846.270459889645,4825989638.068831,40064638.372905344,411.45688095238086,3.1480066767476877,0
206,0.6009880000000002,0.05383307226355684,0.09660070313643966,0.04244362962844773,0.016238936527680554,0.009123102211184144,1.0,0.0,1.0,0.0,5429064.897187352,4788123804.529999,407.8542857142857,5387413.401914956,60889.34987270491,4825989638.068831,40064638.372905344,411.45688095238086,3.1480066767476877,0
207,0.6009880000000002,0.05383307226355684,0.09660070313643966,0.04244362962844773,0.016238936527680554,0.009123102211184144,1.0,0.0,1.0,0.0,5429064.897187352,4788123804.529999,407.8542857142857,5387413.401914956,60889.34987270491,4825662111.340094,39935957.37502497,411.45688095238086,3.1480066767476877,0
208,0.6009880000000002,0.05383307226355684,0.09660070313643966,0.04244362962844773,0.016238936527680554,0.009123102211184144,1.0,0.0,1.0,0.0,5429064.897187352,4788123804.529999,407.8542857142857,5387399.886227433,60899.37622131926,4825662111.340094,39935957.37502497,411.45688095238086,3.1480066767476877,0
209,0.6009880000000002,0.05383307226355684,0.09660070313643966,0.04244362962844773,0.016238936527680554,0.009123102211184144,1.0,0.0,1.0,0.0,5429064.897187352,4788123804.529999,407.8542857142857,5387390.963419721,60885.03787428294,4825662111.340094,39935957.37502497,411.45688095238086,3.1480066767476877,0
210,0.6012039999999998,0.05387303998600165,0.0961798513745358,0.042699703317156515,0.014873753700563548,0.00809930093976969,1.0,0.0,1.0,0.0,5429064.897187352,4788123804.529999,407.8542857142857,5387388.01100206,60882.05376192551,4825200808.80859,40638561.040735126,411.45688095238086,3.1480066767476877,0
211,0.6012039999999998,0.05387303998600165,0.0961798513745358,0.042699703317156515,0.014873753700563548,0.00809930093976969,1.0,0.0,1.0,0.0,5429064.897187352,4788123804.529999,407.8542857142857,5387388.01100206,60882.05376192551,4825200808.80859,40638561.040735126,411.45688095238086,3.1480066767476877,0
212,0.6012039999999998,0.05387303998600165,0.0961798513745358,0.042699703317156515,0.014873753700563548,0.00809930093976969,1.0,0.0,1.0,0.0,5429064.897187352,4788123804.529999,407.8542857142857,5387374.971024646,60875.4470898513,4825200808.80859,40638561.040735126,411.45688095238086,3.1480066767476877,0
213,0.6012039999999998,0.05387303998600165,0.0961798513745358,0.042699703317156515,0.014873753700563548,0.00809930093976969,1.0,0.0,1.0,0.0,5429064.897187352,4788123804.529999,407.8542857142857,5387227.866734652,61034.179602430275,4825200808.80859,40638561.040735126,411.45688095238086,3.1480066767476877,0
214,0.6012039999999998,0.05387303998600165,0.0961798513745358,0.042699703317156515,0.014873753700563548,0.00809930093976969,1.0,0.0,1.0,0.0,5429064.897187352,4788123804.529999,407.8542857142857,5386738.1799760675,61633.06410344607,4824656926.56859,41642445.9123965,411.45688095238086,3.1480066767476877,0
215,0.6016393333333334,0.053858508577774626,0.09599033755379005,0.04268055754283397,0.014949461342535048,0.007722638876021497,1.0,0.0,1.0,0.0,5429064.897187352,4788123804.529999,407.8542857142857,5386264.525646236,61645.90784188933,4824656926.56859,41642445.9123965,411.45688095238086,3.1480066767476877,0
216,0.6016393333333334,0.053858508577774626,0.09599033755379005,0.04268055754283397,0.014949461342535048,0.007722638876021497,1.0,0.0,1.0,0.0,5429064.897187352,4788123804.529999,407.8542857142857,5386242.573788615,61658.6300867209,4822803833.053803,42300222.91697952,411.45688095238086,3.1480066767476877,0
217,0.6016393333333334,0.053858508577774626,0.09599033755379005,0.04268055754283397,0.014949461342535048,0.007722638876021497,1.0,0.0,1.0,0.0,5429064.897187352,4788123804.529999,407.8542857142857,5386212.747471083,61611.6098608098,4822803833.053803,42300222.91697952,411.45688095238086,3.1480066767476877,0
218,0.6016393333333334,0.053858508577774626,0.09599033755379005,0.04268055754283397,0.014949461342535048,0.007722638876021497,1.0,0.0,1.0,0.0,5429064.897187352,4788123804.529999,407.8542857142857,5386163.696822127,61540.39113485213,4822803833.053803,42300222.91697952,411.45688095238086,3.1480066767476877,0
219,0.6016393333333334,0.053858508577774626,0.09599033755379005,0.04268055754283397,0.014949461342535048,0.007722638876021497,1.0,0.0,1.0,0.0,5429064.897187352,4788123804.529999,407.8542857142857,5386149.600206529,61551.41618207031,4822803833.053803,42300222.91697952,411.45688095238086,3.1480066767476877,0
220,0.602002,0.05405024337903885,0.0954669649972164,0.042942553016288146,0.014438757751766822,0.007726883759533607,1.0,0.0,1.0,0.0,5429064.897187352,4788123804.529999,407.8542857142857,5386144.176597482,61552.16543230868,4822803833.053803,42300222.91697952,411.45688095238086,3.1480066767476877,0
221,0.602002,0.05405024337903885,0.0954669649972164,0.042942553016288146,0.014438757751766822,0.007726883759533607,1.0,0.0,1.0,0.0,5429064.897187352,4788123804.529999,407.8542857142857,5386107.362985703,61564.18731189222,4822803833.053803,42300222.91697952,411.45688095238086,3.1480066767476877,0
222,0.602002,0.05405024337903885,0.0954669649972164,0.042942553016288146,0.014438757751766822,0.007726883759533607,1.0,0.0,1.0,0.0,5429064.897187352,4788123804.529999,407.8542857142857,5386107.362985703,61564.18731189222,4822803833.053803,42300222.91697952,411.45688095238086,3.1480066767476877,0
223,0.602002,0.05405024337903885,0.0954669649972164,0.042942553016288146,0.014438757751766822,0.007726883759533607,1.0,0.0,1.0,0.0,5429064.897187352,4788123804.529999,407.8542857142857,5386107.290308108,61564.2995884633,4822515821.647954,42611897.2220574,411.45688095238086,3.1480066767476877,0
224,0.602002,0.05405024337903885,0.0954669649972164,0.042942553016288146,0.014438757751766822,0.007726883759533607,1.0,0.0,1.0,0.0,5429064.897187352,4788123804.529999,407.8542857142857,5386068.686996463,61615.87349150222,4822503594.423816,42599328.37813794,411.45688095238086,3.1480066767476877,0
225,0.6022993333333333,0.054118205558655486,0.09506367653055267,0.04313208869315634,0.01594606359214118,0.007593410024977802,1.0,0.0,1.0,0.0,5429064.897187352,4788123804.529999,407.8542857142857,5386058.764391357,61614.83209133262,4822503594.423816,42599328.37813794,411.45688095238086,3.1480066767476877,0
226,0.6022993333333333,0.054118205558655486,0.09506367653055267,0.04313208869315634,0.01594606359214118,0.007593410024977802,1.0,0.0,1.0,0.0,5429064.897187352,4788123804.529999,407.8542857142857,5386046.470629134,61630.780328551664,4822503594.423816,42599328.37813794,411.45688095238086,3.1480066767476877,0
227,0.6022993333333333,0.054118205558655486,0.09506367653055267,0.04313208869315634,0.01594606359214118,0.007593410024977802,1.0,0.0,1.0,0.0,5429064.897187352,4788123804.529999,407.8542857142857,5385993.478460486,61684.55717075693,4822503594.423816,42599328.37813794,411.45688095238086,3.1480066767476877,0
228,0.6022993333333333,0.054118205558655486,0.09506367653055267,0.04313208869315634,0.01594606359214118,0.007593410024977802,1.0,0.0,1.0,0.0,5429064.897187352,4788123804.529999,407.8542857142857,5385970.532588833,61719.6734185504,4822503594.423816,42599328.37813794,411.45688095238086,3.1480066767476877,0
229,0.6022993333333333,0.054118205558655486,0.09506367653055267,0.04313208869315634,0.01594606359214118,0.007593410024977802,1.0,0.0,1.0,0.0,5429064.897187352,4788123804.529999,407.8542857142857,5385970.532588833,61719.6734185504,4822503594.423816,42599328.37813794,411.45688095238086,3.1480066767476877,0
230,0.6024973333333334,0.054174337524534835,0.09485951213022967,0.04321826988524754,0.015267075586837524,0.007532904410880552,1.0,0.0,1.0,0.0,5429064.897187352,4788123804.529999,407.8542857142857,5385970.532588833,61719.6734185504,4822503594.423816,42599328.37813794,411.45688095238086,3.1480066767476877,0
231,0.6024973333333334,0.054174337524534835,0.09485951213022967,0.04321826988524754,0.015267075586837524,0.007532904410880552,1.0,0.0,1.0,0.0,5410500.514300443,4788123804.529999,407.8542857142857,5385331.757599818,61358.889518694894,4822264571.456999,42898876.59273058,411.45688095238086,3.1480066767476877,0
232,0.6024973333333334,0.054174337524534835,0.09485951213022967,0.04321826988524754,0.015267075586837524,0.007532904410880552,1.0,0.0,1.0,0.0,5410500.514300443,4788123804.529999,407.8542857142857,5385323.167958958,61370.57465652709,4822264571.456999,42898876.59273058,411.45688095238086,3.1480066767476877,0
233,0.6024973333333334,0.054174337524534835,0.09485951213022967,0.04321826988524754,0.015267075586837524,0.007532904410880552,1.0,0.0,1.0,0.0,5410500.514300443,4788123804.529999,407.8542857142857,5385313.428140331,61379.98620128488,4822264571.456999,42898876.59273058,411.45688095238086,3.1480066767476877,0
234,0.6024973333333334,0.054174337524534835,0.09485951213022967,0.04321826988524754,0.015267075586837524,0.007532904410880552,1.0,0.0,1.0,0.0,5410500.514300443,4788123804.529999,407.8542857142857,5385295.7282610545,61394.22191612749,4822244686.035888,42925442.3708921,411.45688095238086,3.1480066767476877,0
235,0.6026986666666667,0.054272289782376255,0.09466349375643791,0.04315161767867295,0.012736274153250305,0.00624167187856767,1.0,0.0,1.0,0.0,5410500.514300443,4788123804.529999,407.8542857142857,5385281.690835535,61393.88471862333,4822244686.035888,42925442.3708921,411.45688095238086,3.1480066767476877,0
236,0.6026986666666667,0.054272289782376255,0.09466349375643791,0.04315161767867295,0.012736274153250305,0.00624167187856767,1.0,0.0,1.0,0.0,5410500.514300443,4788123804.529999,407.8542857142857,5385281.690835535,61393.88471862333,4822244686.035888,42925442.3708921,411.45688095238086,3.1480066767476877,0
237,0.6026986666666667,0.054272289782376255,0.09466349375643791,0.04315161767867295,0.012736274153250305,0.00624167187856767,1.0,0.0,1.0,0.0,5410500.514300443,4788123804.529999,407.8542857142857,5385254.136455153,61430.33387821619,4822244686.035888,42925442.3708921,411.45688095238086,3.1480066767476877,0
238,0.6026986666666667,0.054272289782376255,0.09466349375643791,0.04315161767867295,0.012736274153250305,0.00624167187856767,1.0,0.0,1.0,0.0,5410500.514300443,4788123804.529999,407.8542857142857,5385484.386519675,61410.1269876656,4822244686.035888,42925442.3708921,411.45688095238086,3.1480066767476877,0
239,0.6026986666666667,0.054272289782376255,0.09466349375643791,0.04315161767867295,0.012736274153250305,0.00624167187856767,1.0,0.0,1.0,0.0,5410500.514300443,4788123804.529999,407.8542857142857,5385479.999847811,61378.294636925195,4822244686.035888,42925442.3708921,411.45688095238086,3.1480066767476877,0
240,0.6027513333333332,0.05426488236624329,0.0946083230436723,0.04324648722423251,0.01354349365469302,0.007010203547244063,1.0,0.0,1.0,0.0,5410500.514300443,4788123804.529999,407.8542857142857,5385381.505013604,61383.69105037795,4822244686.035888,42925442.3708921,411.45688095238086,3.1480066767476877,0
241,0.6027513333333332,0.05426488236624329,0.0946083230436723,0.04324648722423251,0.01354349365469302,0.007010203547244063,1.0,0.0,1.0,0.0,5410500.514300443,4788123804.529999,407.8542857142857,5385222.812125167,61557.93056067655,4822244686.035888,42925442.3708921,411.45688095238086,3.1480066767476877,0
242,0.6027513333333332,0.05426488236624329,0.0946083230436723,0.04324648722423251,0.01354349365469302,0.007010203547244063,1.0,0.0,1.0,0.0,5410500.514300443,4788123804.529999,407.8542857142857,5385231.398598444,61558.36870235646,4822244686.035888,42925442.3708921,411.45688095238086,3.1480066767476877,0
243,0.6027513333333332,0.05426488236624329,0.0946083230436723,0.04324648722423251,0.01354349365469302,0.007010203547244063,1.0,0.0,1.0,0.0,5410500.514300443,4788123804.529999,407.8542857142857,5385222.677313419,61563.01085366536,4822244686.035888,42925442.3708921,411.45688095238086,3.1480066767476877,0
244,0.6027513333333332,0.05426488236624329,0.0946083230436723,0.04324648722423251,0.01354349365469302,0.007010203547244063,1.0,0.0,1.0,0.0,5410500.514300443,4788123804.529999,407.8542857142857,5385452.841431039,61556.97068595183,4822244686.035888,42925442.3708921,411.45688095238086,3.1480066767476877,0
245,0.6028913333333334,0.05435585750302251,0.0944487678306596,0.04327263415196785,0.01284026067250493,0.006056149359610541,1.0,0.0,1.0,0.0,5410500.514300443,4788123804.529999,407.8542857142857,5385438.815007104,61567.00794716154,4822244686.035888,42925442.3708921,411.45688095238086,3.1480066767476877,0
246,0.6028913333333334,0.05435585750302251,0.0944487678306596,0.04327263415196785,0.01284026067250493,0.006056149359610541,1.0,0.0,1.0,0.0,5409950.715108776,4788123804.529999,407.8542857142857,5385420.488367381,61559.62649500306,4822244686.035888,42925442.3708921,411.45688095238086,3.1480066767476877,0
247,0.6028913333333334,0.05435585750302251,0.0944487678306596,0.04327263415196785,0.01284026067250493,0.006056149359610541,1.0,0.0,1.0,0.0,5409492.549115721,4788123804.529999,407.8542857142857,5385405.216167613,61553.59548491418,4822244686.035888,42925442.3708921,411.45688095238086,3.1480066767476877,0
248,0.6028913333333334,0.05435585750302251,0.0944487678306596,0.04327263415196785,0.01284026067250493,0.006056149359610541,1.0,0.0,1.0,0.0,5409492.549115721,4788123804.529999,407.8542857142857,5385393.540849593,61523.6720984397,4820952312.519606,44709166.504881054,411.45688095238086,3.1480066767476877,0
249,0.6028913333333334,0.05435585750302251,0.0944487678306596,0.04327263415196785,0.01284026067250493,0.006056149359610541,1.0,0.0,1.0,0.0,5409492.549115721,4788123804.529999,407.8542857142857,5385393.540849593,61523.6720984397,4820952312.519606,44709166.504881054,411.45688095238086,3.1480066767476877,0
250,0.6030553333333334,0.05423626773868407,0.09418247988005851,0.04295369239175055,0.014212709322903524,0.009920976574545421,1.0,0.0,1.0,0.0,5409492.549115721,4788123804.529999,407.8542857142857,5385360.517112449,61528.78188401061,4820952312.519606,44709166.504881054,411.45688095238086,3.1480066767476877,0
251,0.6030553333333334,0.05423626773868407,0.09418247988005851,0.04295369239175055,0.014212709322903524,0.009920976574545421,1.0,0.0,1.0,0.0,5409492.549115721,4788123804.529999,407.8542857142857,5385360.305214019,61528.441286840156,4820952312.519606,44709166.504881054,411.45688095238086,3.1480066767476877,0
252,0.6030553333333334,0.05423626773868407,0.09418247988005851,0.04295369239175055,0.014212709322903524,0.009920976574545421,1.0,0.0,1.0,0.0,5409492.549115721,4788123804.529999,407.8542857142857,5385357.69633759,61526.37520172808,4820932560.732782,44735761.35433634,411.45688095238086,3.1480066767476877,0
253,0.6030553333333334,0.05423626773868407,0.09418247988005851,0.04295369239175055,0.014212709322903524,0.009920976574545421,1.0,0.0,1.0,0.0,5409660.543313174,4788123804.529999,407.8542857142857,5385158.945573579,61485.741281720344,4820932560.732782,44735761.35433634,411.45688095238086,3.1480066767476877,0
254,0.6030553333333334,0.05423626773868407,0.09418247988005851,0.04295369239175055,0.014212709322903524,0.009920976574545421,1.0,0.0,1.0,0.0,5409660.543313174,4788123804.529999,407.8542857142857,5385159.322790759,61485.75053019217,4820852090.158153,44839913.43020701,411.31465873015867,3.210551706887398,0
255,0.6032466666666666,0.054235089092661115,0.09399209732972696,0.04287522456979237,0.012097206137093744,0.006003864751203248,1.0,0.0,1.0,0.0,5409660.543313174,4788123804.529999,407.8542857142857,5385156.58850901,61488.51010300393,4820852090.158153,44839913.43020701,411.31465873015867,3.210551706887398,0
256,0.6032466666666666,0.054235089092661115,0.09399209732972696,0.04287522456979237,0.012097206137093744,0.006003864751203248,1.0,0.0,1.0,0.0,5409800.538477719,4788123804.529999,407.8542857142857,5384486.614868621,61581.05593240481,4820852090.158153,44839913.43020701,411.31465873015867,3.210551706887398,0
257,0.6032466666666666,0.054235089092661115,0.09399209732972696,0.04287522456979237,0.012097206137093744,0.006003864751203248,1.0,0.0,1.0,0.0,5409800.538477719,4788123804.529999,407.8542857142857,5384459.208942149,61594.31721807104,4820852090.158153,44839913.43020701,411.31465873015867,3.210551706887398,0
258,0.6032466666666666,0.054235089092661115,0.09399209732972696,0.04287522456979237,0.012097206137093744,0.006003864751203248,1.0,0.0,1.0,0.0,5409800.538477719,4788123804.529999,407.8542857142857,5384419.878517932,61541.67985852419,4820852090.158153,44839913.43020701,411.31465873015867,3.210551706887398,0
259,0.6032466666666666,0.054235089092661115,0.09399209732972696,0.04287522456979237,0.012097206137093744,0.006003864751203248,1.0,0.0,1.0,0.0,5409800.538477719,4788123804.529999,407.8542857142857,5384390.72859959,61550.580481496574,4820849439.656016,44844597.64119663,411.31465873015867,3.210551706887398,0
260,0.6034100000000001,0.05428862588056543,0.0938475634117303,0.04291551827805627,0.012958427300584715,0.005993926573565623,1.0,0.0,1.0,0.0,5409800.538477719,4788123804.529999,407.8542857142857,5384167.934249412,61510.22456048403,4820805658.570938,44922557.08536362,411.31465873015867,3.210551706887398,0
261,0.6034100000000001,0.05428862588056543,0.0938475634117303,0.04291551827805627,0.012958427300584715,0.005993926573565623,1.0,0.0,1.0,0.0,5409800.538477719,4788123804.529999,407.8542857142857,5384165.68986823,61509.18266275479,4820503444.095938,45300287.52980344,411.31465873015867,3.210551706887398,0
262,0.6034100000000001,0.05428862588056543,0.0938475634117303,0.04291551827805627,0.012958427300584715,0.005993926573565623,1.0,0.0,1.0,0.0,5409800.538477719,4788123804.529999,407.8542857142857,5384092.031823014,61450.048457499644,4820503444.095938,45300287.52980344,411.31465873015867,3.210551706887398,0
263,0.6034100000000001,0.05428862588056543,0.0938475634117303,0.04291551827805627,0.012958427300584715,0.005993926573565623,1.0,0.0,1.0,0.0,5409917.201114839,4788123804.529999,407.8542857142857,5384028.133207556,61443.91245192267,4820503444.095938,45300287.52980344,411.31465873015867,3.210551706887398,0
264,0.6034100000000001,0.05428862588056543,0.0938475634117303,0.04291551827805627,0.012958427300584715,0.005993926573565623,1.0,0.0,1.0,0.0,5409917.201114839,4788123804.529999,407.8542857142857,5382830.4077320825,61479.03005236973,4820503444.095938,45300287.52980344,411.31465873015867,3.210551706887398,0
265,0.6038753333333331,0.05410530169544899,0.09379533655679444,0.04291117280230278,0.014227228412663736,0.009655286792762058,1.0,0.0,1.0,0.0,5409917.201114839,4788123804.529999,407.8542857142857,5382830.4077320825,61479.03005236973,4820503444.095938,45300287.52980344,411.31465873015867,3.210551706887398,0
266,0.6038753333333331,0.05410530169544899,0.09379533655679444,0.04291117280230278,0.014227228412663736,0.009655286792762058,1.0,0.0,1.0,0.0,5409917.201114839,4788123804.529999,407.8542857142857,5382836.85281031,61482.78608216101,4820503444.095938,45300287.52980344,411.31465873015867,3.210551706887398,0
267,0.6038753333333331,0.05410530169544899,0.09379533655679444,0.04291117280230278,0.014227228412663736,0.009655286792762058,1.0,0.0,1.0,0.0,5409917.201114839,4788123804.529999,407.8542857142857,5382828.308489238,61488.54192062264,4820503444.095938,45300287.52980344,411.31465873015867,3.210551706887398,0
268,0.6038753333333331,0.05410530169544899,0.09379533655679444,0.04291117280230278,0.014227228412663736,0.009655286792762058,1.0,0.0,1.0,0.0,5409917.201114839,4788123804.529999,407.8542857142857,5382827.715982387,61488.89352035987,4820503046.53816,45300803.49118237,411.31465873015867,3.210551706887398,0
269,0.6038753333333331,0.05410530169544899,0.09379533655679444,0.04291117280230278,0.014227228412663736,0.009655286792762058,1.0,0.0,1.0,0.0,5409917.201114839,4788123804.529999,407.8542857142857,5382827.715982387,61488.89352035987,4820503046.53816,45300803.49118237,411.31465873015867,3.210551706887398,0
270,0.60398,0.054240222221767,0.09373550328237037,0.04290656514286565,0.012859063421258306,0.005583711416715093,1.0,0.0,1.0,0.0,5409917.201114839,4788123804.529999,407.8542857142857,5382806.205128961,61495.5133647838,4820468377.245004,45361582.9655779,411.31465873015867,3.210551706887398,0
271,0.60398,0.054240222221767,0.09373550328237037,0.04290656514286565,0.012859063421258306,0.005583711416715093,1.0,0.0,1.0,0.0,5409917.201114839,4788123804.529999,407.8542857142857,5382716.344899563,61431.63198513,4820468377.245004,45361582.9655779,411.31465873015867,3.210551706887398,0
272,0.60398,0.054240222221767,0.09373550328237037,0.04290656514286565,0.012859063421258306,0.005583711416715093,1.0,0.0,1.0,0.0,5409720.948951824,4788123804.529999,407.8542857142857,5382673.269003335,61357.215602679695,4820468377.245004,45361582.9655779,411.31465873015867,3.210551706887398,0
273,0.60398,0.054240222221767,0.09373550328237037,0.04290656514286565,0.012859063421258306,0.005583711416715093,1.0,0.0,1.0,0.0,5409720.948951824,4788123804.529999,407.8542857142857,5382544.527675773,61272.28207632247,4820468377.245004,45361582.9655779,411.31465873015867,3.210551706887398,0
274,0.60398,0.054240222221767,0.09373550328237037,0.04290656514286565,0.012859063421258306,0.005583711416715093,1.0,0.0,1.0,0.0,5409720.948951824,4788123804.529999,407.8542857142857,5382501.89552896,61275.50109814827,4820468377.245004,45361582.9655779,411.31465873015867,3.210551706887398,0
275,0.6040653333333333,0.054222317160208325,0.09368034365426338,0.04287257028661923,0.01253994586561725,0.006368944184910986,1.0,0.0,1.0,0.0,5409720.948951824,4788123804.529999,407.8542857142857,5382424.605966941,61239.621206639335,4820468377.245004,45361582.9655779,411.31465873015867,3.210551706887398,0
276,0.6040653333333333,0.054222317160208325,0.09368034365426338,0.04287257028661923,0.01253994586561725,0.006368944184910986,1.0,0.0,1.0,0.0,5409545.636507662,4788123804.529999,407.8542857142857,5382418.762218803,61237.024502812215,4820468377.245004,45361582.9655779,411.1724365079364,3.2657134239488137,0
277,0.6040653333333333,0.054222317160208325,0.09368034365426338,0.04287257028661923,0.01253994586561725,0.006368944184910986,1.0,0.0,1.0,0.0,5409545.636507662,4788123804.529999,407.8542857142857,5382405.083246467,61241.10143659087,4820468377.245004,45361582.9655779,411.1724365079364,3.2657134239488137,0
278,0.6040653333333333,0.054222317160208325,0.09368034365426338,0.04287257028661923,0.01253994586561725,0.006368944184910986,1.0,0.0,1.0,0.0,5409545.636507662,4788123804.529999,407.8542857142857,5382377.035218492,61249.737197203794,4820468377.245004,45361582.9655779,411.1724365079364,3.2657134239488137,0
279,0.6040653333333333,0.054222317160208325,0.09368034365426338,0.04287257028661923,0.01253994586561725,0.006368944184910986,1.0,0.0,1.0,0.0,5409704.78280646,4788123804.529999,407.8542857142857,5381857.435122633,61025.05691112949,4820468377.245004,45361582.9655779,411.1724365079364,3.2657134239488137,0
280,0.6042559999999999,0.05428169498704574,0.09359855575707766,0.04286688731285796,0.012727489239908915,0.006675620983186079,1.0,0.0,1.0,0.0,5409704.78280646,4788123804.529999,407.8542857142857,5381857.435122633,61025.05691112949,4820468377.245004,45361582.9655779,411.1724365079364,3.2657134239488137,0
281,0.6042559999999999,0.05428169498704574,0.09359855575707766,0.04286688731285796,0.012727489239908915,0.006675620983186079,1.0,0.0,1.0,0.0,5409704.78280646,4788123804.529999,407.8542857142857,5381866.053203969,61026.70565004666,4820468377.245004,45361582.9655779,411.1724365079364,3.2657134239488137,0
282,0.6042559999999999,0.05428169498704574,0.09359855575707766,0.04286688731285796,0.012727489239908915,0.006675620983186079,1.0,0.0,1.0,0.0,5409704.78280646,4788123804.529999,407.8542857142857,5381866.053203969,61026.70565004666,4820468377.245004,45361582.9655779,411.1724365079364,3.2657134239488137,0
283,0.6042559999999999,0.05428169498704574,0.09359855575707766,0.04286688731285796,0.012727489239908915,0.006675620983186079,1.0,0.0,1.0,0.0,5409704.78280646,4788123804.529999,407.8542857142857,5381833.205785112,61064.50100588133,4820468377.245004,45361582.9655779,411.1724365079364,3.2657134239488137,0
284,0.6042559999999999,0.05428169498704574,0.09359855575707766,0.04286688731285796,0.012727489239908915,0.006675620983186079,1.0,0.0,1.0,0.0,5409704.78280646,4788123804.529999,407.8542857142857,5381828.009200742,61069.56312508664,4820468377.245004,45361582.9655779,411.1724365079364,3.2657134239488137,0
285,0.6042506666666667,0.0542240039670829,0.09355152417723585,0.04283071748286521,0.012855743534556171,0.006933496476316525,1.0,0.0,1.0,0.0,5409704.78280646,4788123804.529999,407.8542857142857,5381793.732032087,61106.448668286845,4820468377.245004,45361582.9655779,411.1724365079364,3.2657134239488137,0
286,0.6042506666666667,0.0542240039670829,0.09355152417723585,0.04283071748286521,0.012855743534556171,0.006933496476316525,1.0,0.0,1.0,0.0,5409704.78280646,4788123804.529999,407.8542857142857,5381813.692209175,61126.908979205175,4820468377.245004,45361582.9655779,411.1724365079364,3.2657134239488137,0
287,0.6042506666666667,0.0542240039670829,0.09355152417723585,0.04283071748286521,0.012855743534556171,0.006933496476316525,1.0,0.0,1.0,0.0,5409704.78280646,4788123804.529999,407.8542857142857,5381803.861493926,61125.025735598945,4820468377.245004,45361582.9655779,411.1724365079364,3.2657134239488137,0
288,0.6042506666666667,0.0542240039670829,0.09355152417723585,0.04283071748286521,0.012855743534556171,0.006933496476316525,1.0,0.0,1.0,0.0,5409704.78280646,4788123804.529999,407.8542857142857,5381802.896972516,61125.32451072435,4820468377.245004,45361582.9655779,411.1724365079364,3.2657134239488137,0
289,0.6042506666666667,0.0542240039670829,0.09355152417723585,0.04283071748286521,0.012855743534556171,0.006933496476316525,1.0,0.0,1.0,0.0,5409704.78280646,4788123804.529999,407.8542857142857,5381796.09073701,61124.2544169034,4820468377.245004,45361582.9655779,411.1724365079364,3.2657134239488137,0
290,0.6043546666666665,0.05443854368204776,0.09351712246314631,0.04284281614054382,0.013151360287989047,0.007064546520091331,1.0,0.0,1.0,0.0,5409704.78280646,4788123804.529999,407.8542857142857,5381796.09073701,61124.2544169034,4820341923.496259,45592468.41782548,411.1724365079364,3.2657134239488137,0
291,0.6043546666666665,0.05443854368204776,0.09351712246314631,0.04284281614054382,0.013151360287989047,0.007064546520091331,1.0,0.0,1.0,0.0,5409704.78280646,4788123804.529999,407.8542857142857,5381780.169002563,61144.32209032474,4820341923.496259,45592468.41782548,411.1724365079364,3.2657134239488137,0
292,0.6043546666666665,0.05443854368204776,0.09351712246314631,0.04284281614054382,0.013151360287989047,0.007064546520091331,1.0,0.0,1.0,0.0,5409704.78280646,4788123804.529999,407.8542857142857,5381778.333733908,61143.32539190403,4820341923.496259,45592468.41782548,411.1724365079364,3.2657134239488137,0
293,0.6043546666666665,0.05443854368204776,0.09351712246314631,0.04284281614054382,0.013151360287989047,0.007064546520091331,1.0,0.0,1.0,0.0,5409704.78280646,4788123804.529999,407.8542857142857,5381765.266254483,61109.16731091731,4818704935.605592,46408939.8166584,411.1724365079364,3.2657134239488137,0
294,0.6043546666666665,0.05443854368204776,0.09351712246314631,0.04284281614054382,0.013151360287989047,0.007064546520091331,1.0,0.0,1.0,0.0,5409704.78280646,4788123804.529999,407.8542857142857,5381719.565919578,61169.71989450153,4818704935.605592,46408939.8166584,411.1724365079364,3.2657134239488137,0
295,0.6044900000000001,0.05456595073853292,0.09339517400013858,0.043009828422357475,0.013506072759341521,0.007609709959141001,1.0,0.0,1.0,0.0,5409704.78280646,4788123804.529999,407.8542857142857,5381707.693635984,61163.30185361674,4818704935.605592,46408939.8166584,411.1724365079364,3.2657134239488137,0
296,0.6044900000000001,0.05456595073853292,0.09339517400013858,0.043009828422357475,0.013506072759341521,0.007609709959141001,1.0,0.0,1.0,0.0,5409704.78280646,4788123804.529999,407.8542857142857,5381706.073321581,61163.29022003003,4818704935.605592,46408939.8166584,411.1724365079364,3.2657134239488137,0
297,0.6044900000000001,0.05456595073853292,0.09339517400013858,0.043009828422357475,0.013506072759341521,0.007609709959141001,1.0,0.0,1.0,0.0,5408798.20228393,4788123804.529999,407.8542857142857,5381671.69505553,61146.21372318313,4818704935.605592,46408939.8166584,411.1724365079364,3.2657134239488137,0
298,0.6044900000000001,0.05456595073853292,0.09339517400013858,0.043009828422357475,0.013506072759341521,0.007609709959141001,1.0,0.0,1.0,0.0,5408560.3602895755,4788123804.529999,407.8542857142857,5381637.88644717,61146.16267809716,4818704935.605592,46408939.8166584,411.1724365079364,3.2657134239488137,0
299,0.6044900000000001,0.05456595073853292,0.09339517400013858,0.043009828422357475,0.013506072759341521,0.007609709959141001,1.0,0.0,1.0,0.0,5408560.3602895755,4788123804.529999,407.8542857142857,5381630.521927281,61148.942528957545,4818704935.605592,46408939.8166584,411.1724365079364,3.2657134239488137,0
300,0.6045953333333334,0.054711574079185685,0.09316093232232733,0.04319150771530578,0.013108160871585128,0.006691021349093221,1.0,0.0,1.0,0.0,5408560.3602895755,4788123804.529999,407.8542857142857,5381621.081531901,61147.95967841639,4818704935.605592,46408939.8166584,411.1724365079364,3.2657134239488137,0
301,0.6045953333333334,0.054711574079185685,0.09316093232232733,0.04319150771530578,0.013108160871585128,0.006691021349093221,1.0,0.0,1.0,0.0,5408560.3602895755,4788123804.529999,407.8542857142857,5380498.360644483,60200.199452312314,4818704935.605592,46408939.8166584,411.1724365079364,3.2657134239488137,0
302,0.6045953333333334,0.054711574079185685,0.09316093232232733,0.04319150771530578,0.013108160871585128,0.006691021349093221,1.0,0.0,1.0,0.0,5408560.3602895755,4788123804.529999,407.8542857142857,5380481.4655393185,60216.608865112146,4818704935.605592,46408939.8166584,411.1724365079364,3.2657134239488137,0
303,0.6045953333333334,0.054711574079185685,0.09316093232232733,0.04319150771530578,0.013108160871585128,0.006691021349093221,1.0,0.0,1.0,0.0,5408560.3602895755,4788123804.529999,407.8542857142857,5380455.212171533,60215.153256308615,4818667981.832998,46475592.29259667,411.1724365079364,3.2657134239488137,0
304,0.6045953333333334,0.054711574079185685,0.09316093232232733,0.04319150771530578,0.013108160871585128,0.006691021349093221,1.0,0.0,1.0,0.0,5408557.437109139,4788123804.529999,407.8542857142857,5380444.944913584,60218.17111262696,4818667981.832998,46475592.29259667,411.1724365079364,3.2657134239488137,0
305,0.6047386666666665,0.05471787396779552,0.09310687005114843,0.04318689293275213,0.013966927022964752,0.007502625800715872,1.0,0.0,1.0,0.0,5408359.722643916,4788123804.529999,407.8542857142857,5380438.354431408,60215.10476609216,4818667981.832998,46475592.29259667,411.1724365079364,3.2657134239488137,0
306,0.6047386666666665,0.05471787396779552,0.09310687005114843,0.04318689293275213,0.013966927022964752,0.007502625800715872,1.0,0.0,1.0,0.0,5408359.722643916,4788123804.529999,407.8542857142857,5380429.659785583,60200.27648045634,4818667981.832998,46475592.29259667,411.1724365079364,3.2657134239488137,0
307,0.6047386666666665,0.05471787396779552,0.09310687005114843,0.04318689293275213,0.013966927022964752,0.007502625800715872,1.0,0.0,1.0,0.0,5408359.722643916,4788123804.529999,407.8542857142857,5380429.659785583,60200.27648045634,4818667981.832998,46475592.29259667,411.1724365079364,3.2657134239488137,0
308,0.6047386666666665,0.05471787396779552,0.09310687005114843,0.04318689293275213,0.013966927022964752,0.007502625800715872,1.0,0.0,1.0,0.0,5408359.722643916,4788123804.529999,407.8542857142857,5380310.105476492,60358.85068993644,4818667981.832998,46475592.29259667,411.1724365079364,3.2657134239488137,0
309,0.6047386666666665,0.05471787396779552,0.09310687005114843,0.04318689293275213,0.013966927022964752,0.007502625800715872,1.0,0.0,1.0,0.0,5408359.722643916,4788123804.529999,407.8542857142857,5380310.105476492,60358.85068993644,4818667981.832998,46475592.29259667,411.1724365079364,3.2657134239488137,0
310,0.60539,0.055173089998657866,0.09286072037808157,0.043373466385601175,0.012316931396932653,0.006613194214977089,1.0,0.0,1.0,0.0,5408359.722643916,4788123804.529999,407.8542857142857,5380303.4125243155,60364.824977176446,4818667981.832998,46475592.29259667,411.1724365079364,3.2657134239488137,0
311,0.60539,0.055173089998657866,0.09286072037808157,0.043373466385601175,0.012316931396932653,0.006613194214977089,1.0,0.0,1.0,0.0,5408359.722643916,4788123804.529999,407.8542857142857,5380279.740075747,60387.91376130367,4818667981.832998,46475592.29259667,411.1724365079364,3.2657134239488137,0
312,0.60539,0.055173089998657866,0.09286072037808157,0.043373466385601175,0.012316931396932653,0.006613194214977089,1.0,0.0,1.0,0.0,5408359.722643916,4788123804.529999,407.8542857142857,5380308.890073505,60359.519580621694,4818667981.832998,46475592.29259667,411.1724365079364,3.2657134239488137,0
313,0.60539,0.055173089998657866,0.09286072037808157,0.043373466385601175,0.012316931396932653,0.006613194214977089,1.0,0.0,1.0,0.0,5408359.722643916,4788123804.529999,407.8542857142857,5380308.890073505,60359.519580621694,4818448215.576999,46271909.0167557,411.1724365079364,3.2657134239488137,0
314,0.60539,0.055173089998657866,0.09286072037808157,0.043373466385601175,0.012316931396932653,0.006613194214977089,1.0,0.0,1.0,0.0,5408359.722643916,4788123804.529999,407.8542857142857,5380308.890073505,60359.519580621694,4818220480.540332,46091961.256586224,411.1724365079364,3.2657134239488137,0
315,0.6056086666666667,0.055216871982715174,0.09262061133557739,0.04337147331790543,0.013975253537305039,0.007019065192970007,1.0,0.0,1.0,0.0,5408359.722643916,4788123804.529999,407.8542857142857,5380308.890073505,60359.519580621694,4818220480.540332,46091961.256586224,411.1724365079364,3.2657134239488137,0
316,0.6056086666666667,0.055216871982715174,0.09262061133557739,0.04337147331790543,0.013975253537305039,0.007019065192970007,1.0,0.0,1.0,0.0,5408359.722643916,4788123804.529999,407.8542857142857,5380308.890073505,60359.519580621694,4818168241.436166,46055189.65956843,411.1724365079364,3.2657134239488137,0
317,0.6056086666666667,0.055216871982715174,0.09262061133557739,0.04337147331790543,0.013975253537305039,0.007019065192970007,1.0,0.0,1.0,0.0,5408359.722643916,4788123804.529999,407.8542857142857,5380301.046430318,60345.75516419508,4818168241.436166,46055189.65956843,411.1724365079364,3.2657134239488137,0
318,0.6056086666666667,0.055216871982715174,0.09262061133557739,0.04337147331790543,0.013975253537305039,0.007019065192970007,1.0,0.0,1.0,0.0,5407624.335152144,4788123804.529999,407.8542857142857,5380275.191090807,60334.904380897206,4816786318.380999,45704700.29868828,411.1724365079364,3.2657134239488137,0
319,0.6056086666666667,0.055216871982715174,0.09262061133557739,0.04337147331790543,0.013975253537305039,0.007019065192970007,1.0,0.0,1.0,0.0,5407624.335152144,4788123804.529999,407.8542857142857,5380302.154932001,60307.295326728716,4816778262.240832,45712610.04277707,411.1724365079364,3.2657134239488137,0
320,0.6059386666666666,0.055201129440941285,0.0921845956594131,0.04339235156189343,0.01431804712193812,0.008497433619896917,1.0,0.0,1.0,0.0,5407624.335152144,4788123804.529999,407.8542857142857,5380257.534933644,60309.958521770364,4816778262.240832,45712610.04277707,411.1724365079364,3.2657134239488137,0
321,0.6059386666666666,0.055201129440941285,0.0921845956594131,0.04339235156189343,0.01431804712193812,0.008497433619896917,1.0,0.0,1.0,0.0,5407624.335152144,4788123804.529999,407.8542857142857,5380251.496985152,60299.70360695425,4816778262.240832,45712610.04277707,411.1724365079364,3.2657134239488137,0
322,0.6059386666666666,0.055201129440941285,0.0921845956594131,0.04339235156189343,0.01431804712193812,0.008497433619896917,1.0,0.0,1.0,0.0,5407582.137679754,4788123804.529999,407.8542857142857,5380085.92044195,60285.651311549045,4816778262.240832,45712610.04277707,411.1724365079364,3.2657134239488137,0
323,0.6059386666666666,0.055201129440941285,0.0921845956594131,0.04339235156189343,0.01431804712193812,0.008497433619896917,1.0,0.0,1.0,0.0,5407546.973119428,4788123804.529999,407.8542857142857,5380058.870009641,60257.27413224552,4816778262.240832,45712610.04277707,411.1724365079364,3.2657134239488137,0
324,0.6059386666666666,0.055201129440941285,0.0921845956594131,0.04339235156189343,0.01431804712193812,0.008497433619896917,1.0,0.0,1.0,0.0,5407546.973119428,4788123804.529999,407.8542857142857,5380019.373873609,60259.83637526055,4816778262.240832,45712610.04277707,411.1724365079364,3.2657134239488137,0
325,0.6064193333333335,0.055459608240792886,0.09181438732411988,0.04346834012233338,0.016245883059060592,0.014580046771103595,1.0,0.0,1.0,0.0,5407546.973119428,4788123804.529999,407.8542857142857,5379927.126678343,60291.755609860884,4816778262.240832,45712610.04277707,411.1724365079364,3.2657134239488137,0
326,0.6064193333333335,0.055459608240792886,0.09181438732411988,0.04346834012233338,0.016245883059060592,0.014580046771103595,1.0,0.0,1.0,0.0,5407546.973119428,4788123804.529999,407.8542857142857,5379879.498793697,60306.63070721259,4815934330.589199,46091911.33644139,411.1724365079364,3.2657134239488137,0
327,0.6064193333333335,0.055459608240792886,0.09181438732411988,0.04346834012233338,0.016245883059060592,0.014580046771103595,1.0,0.0,1.0,0.0,5407546.973119428,4788123804.529999,407.8542857142857,5379802.438947318,60262.0850699101,4815934330.589199,46091911.33644139,411.1724365079364,3.2657134239488137,0
328,0.6064193333333335,0.055459608240792886,0.09181438732411988,0.04346834012233338,0.016245883059060592,0.014580046771103595,1.0,0.0,1.0,0.0,5407546.973119428,4788123804.529999,407.8542857142857,5379657.67490415,60217.48300800713,4815783757.5241785,46343692.31221005,411.1724365079364,3.2657134239488137,0
329,0.6064193333333335,0.055459608240792886,0.09181438732411988,0.04346834012233338,0.016245883059060592,0.014580046771103595,1.0,0.0,1.0,0.0,5407546.973119428,4788123804.529999,407.8542857142857,5379652.951707399,60216.92438009037,4815783757.5241785,46343692.31221005,411.1724365079364,3.2657134239488137,0
330,0.606678,0.055572764636405605,0.09165038361541405,0.043581297852743374,0.012577897104220878,0.005879631617234715,1.0,0.0,1.0,0.0,5407546.973119428,4788123804.529999,407.8542857142857,5379645.831439841,60221.47319253923,4815778217.364178,46339106.33962092,411.1724365079364,3.2657134239488137,0
331,0.606678,0.055572764636405605,0.09165038361541405,0.043581297852743374,0.012577897104220878,0.005879631617234715,1.0,0.0,1.0,0.0,5407546.973119428,4788123804.529999,407.8542857142857,5379627.356346142,60217.972670961186,4815737936.663344,46377840.756133266,411.1724365079364,3.2657134239488137,0
332,0.606678,0.055572764636405605,0.09165038361541405,0.043581297852743374,0.012577897104220878,0.005879631617234715,1.0,0.0,1.0,0.0,5407546.973119428,4788123804.529999,407.8542857142857,5379627.356346142,60217.972670961186,4815737936.663344,46377840.756133266,411.1724365079364,3.2657134239488137,0
333,0.606678,0.055572764636405605,0.09165038361541405,0.043581297852743374,0.012577897104220878,0.005879631617234715,1.0,0.0,1.0,0.0,5407546.973119428,4788123804.529999,407.8542857142857,5379627.356346142,60217.972670961186,4815164944.67987,45907792.52087542,411.1724365079364,3.2657134239488137,0
334,0.606678,0.055572764636405605,0.09165038361541405,0.043581297852743374,0.012577897104220878,0.005879631617234715,1.0,0.0,1.0,0.0,5407517.669319157,4788123804.529999,407.8542857142857,5379564.694559822,60212.85260396032,4815222213.936259,45842016.46569109,411.1724365079364,3.2657134239488137,0
335,0.6069086666666667,0.05550630395029219,0.09142727723559257,0.04356693665283832,0.012217459673861102,0.006756998891982719,1.0,0.0,1.0,0.0,5407517.669319157,4788123804.529999,407.8542857142857,5379516.022530661,60207.64985828205,4815146125.770429,45974621.582383,411.1724365079364,3.2657134239488137,0
336,0.6069086666666667,0.05550630395029219,0.09142727723559257,0.04356693665283832,0.012217459673861102,0.006756998891982719,1.0,0.0,1.0,0.0,5407493.249485599,4788123804.529999,407.8542857142857,5379373.0580064235,60218.740177791035,4814373471.5645685,45311670.67497953,411.1724365079364,3.2657134239488137,0
337,0.6069086666666667,0.05550630395029219,0.09142727723559257,0.04356693665283832,0.012217459673861102,0.006756998891982719,1.0,0.0,1.0,0.0,5407371.150317803,4788123804.529999,407.8542857142857,5379355.45797267,60215.56707174958,4814373471.5645685,45311670.67497953,411.1724365079364,3.2657134239488137,0
338,0.6069086666666667,0.05550630395029219,0.09142727723559257,0.04356693665283832,0.012217459673861102,0.006756998891982719,1.0,0.0,1.0,0.0,5407371.150317803,4788123804.529999,407.8542857142857,5379344.795406168,60194.45034796029,4814043931.699685,45142767.95058252,411.1724365079364,3.2657134239488137,0
339,0.6069086666666667,0.05550630395029219,0.09142727723559257,0.04356693665283832,0.012217459673861102,0.006756998891982719,1.0,0.0,1.0,0.0,5407371.150317803,4788123804.529999,407.8542857142857,5379276.93655182,60194.180988145155,4813715392.264068,45043399.33551485,411.1724365079364,3.2657134239488137,0
340,0.6074373333333333,0.05554544631400689,0.09075011934502436,0.043550616986818565,0.012421036123691758,0.0059676222093718685,1.0,0.0,1.0,0.0,5407371.150317803,4788123804.529999,407.8542857142857,5379276.93655182,60194.180988145155,4812983730.898679,45167835.19718458,411.1724365079364,3.2657134239488137,0
341,0.6074373333333333,0.05554544631400689,0.09075011934502436,0.043550616986818565,0.012421036123691758,0.0059676222093718685,1.0,0.0,1.0,0.0,5407371.150317803,4788123804.529999,407.8542857142857,5378977.099644029,60230.68173774287,4812983730.898679,45167835.19718458,411.1724365079364,3.2657134239488137,0
342,0.6074373333333333,0.05554544631400689,0.09075011934502436,0.043550616986818565,0.012421036123691758,0.0059676222093718685,1.0,0.0,1.0,0.0,5407371.150317803,4788123804.529999,407.8542857142857,5378977.099644029,60230.68173774287,4812690845.452679,45262977.43225123,411.1724365079364,3.2657134239488137,0
343,0.6074373333333333,0.05554544631400689,0.09075011934502436,0.043550616986818565,0.012421036123691758,0.0059676222093718685,1.0,0.0,1.0,0.0,5407371.150317803,4788123804.529999,407.8542857142857,5378845.64870972,60175.56254139882,4812690845.452679,45262977.43225123,411.1724365079364,3.2657134239488137,0
344,0.6074373333333333,0.05554544631400689,0.09075011934502436,0.043550616986818565,0.012421036123691758,0.0059676222093718685,1.0,0.0,1.0,0.0,5407371.150317803,4788123804.529999,407.8542857142857,5378841.670228674,60173.53338848311,4812421305.861721,45763209.95623901,411.1724365079364,3.2657134239488137,0
345,0.6078739999999999,0.055769071273122944,0.09053344234469796,0.04359571722222723,0.012810263207070629,0.00612395827208788,1.0,0.0,1.0,0.0,5407371.150317803,4788123804.529999,407.8542857142857,5378251.341926251,60396.50777645509,4812421305.861721,45763209.95623901,411.1724365079364,3.2657134239488137,0
346,0.6078739999999999,0.055769071273122944,0.09053344234469796,0.04359571722222723,0.012810263207070629,0.00612395827208788,1.0,0.0,1.0,0.0,5407371.150317803,4788123804.529999,407.8542857142857,5378203.3169409055,60323.826484874815,4812413390.122832,45778513.63273549,411.1724365079364,3.2657134239488137,0
347,0.6078739999999999,0.055769071273122944,0.09053344234469796,0.04359571722222723,0.012810263207070629,0.00612395827208788,1.0,0.0,1.0,0.0,5407371.150317803,4788123804.529999,407.8542857142857,5378178.384404033,60332.69767286708,4812135110.311918,45566382.46284878,411.1724365079364,3.2657134239488137,0
348,0.6078739999999999,0.055769071273122944,0.09053344234469796,0.04359571722222723,0.012810263207070629,0.00612395827208788,1.0,0.0,1.0,0.0,5407371.150317803,4788123804.529999,407.8542857142857,5378178.384404033,60332.69767286708,4810768887.478585,43921869.395431474,411.1724365079364,3.2657134239488137,0
349,0.6078739999999999,0.055769071273122944,0.09053344234469796,0.04359571722222723,0.012810263207070629,0.00612395827208788,1.0,0.0,1.0,0.0,5407371.150317803,4788123804.529999,407.8542857142857,5378100.574446931,60357.6538049865,4810767964.118586,43921153.88799813,411.1724365079364,3.2657134239488137,0
350,0.6081646666666667,0.055599610953874695,0.090311143851269,0.043234017089563516,0.011080573535156239,0.005555032540536631,1.0,0.0,1.0,0.0,5407371.150317803,4788123804.529999,407.8542857142857,5378055.0871349815,60308.06698014826,4810767964.118586,43921153.88799813,411.1724365079364,3.2657134239488137,0
351,0.6081646666666667,0.055599610953874695,0.090311143851269,0.043234017089563516,0.011080573535156239,0.005555032540536631,1.0,0.0,1.0,0.0,5407371.150317803,4788123804.529999,407.8542857142857,5377939.092734588,60342.97607370875,4810767964.118586,43921153.88799813,411.1724365079364,3.2657134239488137,0
352,0.6081646666666667,0.055599610953874695,0.090311143851269,0.043234017089563516,0.011080573535156239,0.005555032540536631,1.0,0.0,1.0,0.0,5407371.150317803,4788123804.529999,407.8542857142857,5377923.52876551,60341.25421384654,4810767964.118586,43921153.88799813,411.1724365079364,3.2657134239488137,0
353,0.6081646666666667,0.055599610953874695,0.090311143851269,0.043234017089563516,0.011080573535156239,0.005555032540536631,1.0,0.0,1.0,0.0,5407371.150317803,4788123804.529999,407.8542857142857,5377907.975736905,60346.95987948488,4810767964.118586,43921153.88799813,411.1724365079364,3.2657134239488137,0
354,0.6081646666666667,0.055599610953874695,0.090311143851269,0.043234017089563516,0.011080573535156239,0.005555032540536631,1.0,0.0,1.0,0.0,5407371.150317803,4788123804.529999,407.8542857142857,5377865.799844555,60336.83759639431,4810767194.651918,43920558.05293322,411.1724365079364,3.2657134239488137,0
355,0.6084433333333334,0.055608455731919845,0.09011620112476389,0.043221121278362355,0.010483785264747383,0.005825950418403448,1.0,0.0,1.0,0.0,5407371.150317803,4788123804.529999,407.8542857142857,5377757.463958809,60270.59785538877,4810593499.9896965,43795884.49546555,411.1724365079364,3.2657134239488137,0
356,0.6084433333333334,0.055608455731919845,0.09011620112476389,0.043221121278362355,0.010483785264747383,0.005825950418403448,1.0,0.0,1.0,0.0,5407371.150317803,4788123804.529999,407.8542857142857,5377749.335708887,60265.95414854221,4810357072.965326,44032587.364415824,411.1724365079364,3.2657134239488137,0
357,0.6084433333333334,0.055608455731919845,0.09011620112476389,0.043221121278362355,0.010483785264747383,0.005825950418403448,1.0,0.0,1.0,0.0,5407371.150317803,4788123804.529999,407.8542857142857,5377727.223026161,60254.43993286896,4810357072.965326,44032587.364415824,411.1724365079364,3.2657134239488137,0
358,0.6084433333333334,0.055608455731919845,0.09011620112476389,0.043221121278362355,0.010483785264747383,0.005825950418403448,1.0,0.0,1.0,0.0,5407371.150317803,4788123804.529999,407.8542857142857,5377718.063088428,60265.76027171553,4810238093.765326,43958290.78575568,411.1724365079364,3.2657134239488137,0
359,0.6084433333333334,0.055608455731919845,0.09011620112476389,0.043221121278362355,0.010483785264747383,0.005825950418403448,1.0,0.0,1.0,0.0,5407371.150317803,4788123804.529999,407.8542857142857,5377701.7718276195,60271.91954810324,4810238093.765326,43958290.78575568,411.1724365079364,3.2657134239488137,0
360,0.6085933333333333,0.05566722323075063,0.09002735598387458,0.04326203389895445,0.01210786696078736,0.006135621345503355,1.0,0.0,1.0,0.0,5407371.150317803,4788123804.529999,407.8542857142857,5377607.760702034,60300.00405998549,4809514017.140499,43547537.83325753,411.1724365079364,3.2657134239488137,0
361,0.6085933333333333,0.05566722323075063,0.09002735598387458,0.04326203389895445,0.01210786696078736,0.006135621345503355,1.0,0.0,1.0,0.0,5407371.150317803,4788123804.529999,407.8542857142857,5377607.760702034,60300.00405998549,4809512559.428647,43546909.718037955,411.1724365079364,3.2657134239488137,0
362,0.6085933333333333,0.05566722323075063,0.09002735598387458,0.04326203389895445,0.01210786696078736,0.006135621345503355,1.0,0.0,1.0,0.0,5407371.150317803,4788123804.529999,407.8542857142857,5377440.831284496,60395.05765526545,4809168424.0614195,43386582.99796989,411.1724365079364,3.2657134239488137,0
363,0.6085933333333333,0.05566722323075063,0.09002735598387458,0.04326203389895445,0.01210786696078736,0.006135621345503355,1.0,0.0,1.0,0.0,5407371.150317803,4788123804.529999,407.8542857142857,5377410.72341927,60382.467351417225,4809168424.0614195,43386582.99796989,411.1724365079364,3.2657134239488137,0
364,0.6085933333333333,0.05566722323075063,0.09002735598387458,0.04326203389895445,0.01210786696078736,0.006135621345503355,1.0,0.0,1.0,0.0,5407177.042615021,4788123804.529999,407.8542857142857,5377383.42938434,60380.26331416957,4809022830.736054,43329132.81441666,411.1724365079364,3.2657134239488137,0
365,0.6092493333333332,0.05461793252118655,0.08936863548651221,0.04161540701161826,0.012150351456659884,0.00644246112223131,1.0,0.0,1.0,0.0,5407177.042615021,4788123804.529999,407.8542857142857,5377381.089697311,60381.12325739583,4809022830.736054,43329132.81441666,411.1724365079364,3.2657134239488137,0
366,0.6092493333333332,0.05461793252118655,0.08936863548651221,0.04161540701161826,0.012150351456659884,0.00644246112223131,1.0,0.0,1.0,0.0,5407177.042615021,4788123804.529999,407.8542857142857,5377369.161602398,60395.37810571251,4808752511.681598,43570085.636693075,411.1724365079364,3.2657134239488137,0
367,0.6092493333333332,0.05461793252118655,0.08936863548651221,0.04161540701161826,0.012150351456659884,0.00644246112223131,1.0,0.0,1.0,0.0,5407177.042615021,4788123804.529999,407.8542857142857,5377356.965276689,60394.26264036336,4808438619.640447,43337843.58493968,411.1724365079364,3.2657134239488137,0
368,0.6092493333333332,0.05461793252118655,0.08936863548651221,0.04161540701161826,0.012150351456659884,0.00644246112223131,1.0,0.0,1.0,0.0,5407177.042615021,4788123804.529999,407.8542857142857,5377356.949362366,60394.28539869037,4808439596.362058,43336828.01552727,411.1724365079364,3.2657134239488137,0
369,0.6092493333333332,0.05461793252118655,0.08936863548651221,0.04161540701161826,0.012150351456659884,0.00644246112223131,1.0,0.0,1.0,0.0,5407177.042615021,4788123804.529999,407.8542857142857,5377356.949362366,60394.28539869037,4808354335.028724,43309976.04028495,411.1724365079364,3.2657134239488137,0
370,0.6095866666666667,0.05472873427693679,0.0891843018789195,0.04167072042879466,0.011784767674847268,0.005852752554643789,1.0,0.0,1.0,0.0,5407177.042615021,4788123804.529999,407.8542857142857,5377356.949362366,60394.28539869037,4808354335.028724,43309976.04028495,411.1724365079364,3.2657134239488137,0
371,0.6095866666666667,0.05472873427693679,0.0891843018789195,0.04167072042879466,0.011784767674847268,0.005852752554643789,1.0,0.0,1.0,0.0,5407177.042615021,4788123804.529999,407.8542857142857,5377352.592586375,60393.189352502886,4808354335.028724,43309976.04028495,411.1724365079364,3.2657134239488137,0
372,0.6095866666666667,0.05472873427693679,0.0891843018789195,0.04167072042879466,0.011784767674847268,0.005852752554643789,1.0,0.0,1.0,0.0,5407177.042615021,4788123804.529999,407.8542857142857,5377352.592586375,60393.189352502886,4807480398.551337,43203436.92731114,411.1724365079364,3.2657134239488137,0
373,0.6095866666666667,0.05472873427693679,0.0891843018789195,0.04167072042879466,0.011784767674847268,0.005852752554643789,1.0,0.0,1.0,0.0,5407177.042615021,4788123804.529999,407.8542857142857,5377145.402755165,60282.62445148381,4806757571.075337,44106965.595792875,411.1724365079364,3.2657134239488137,0
374,0.6095866666666667,0.05472873427693679,0.0891843018789195,0.04167072042879466,0.011784767674847268,0.005852752554643789,1.0,0.0,1.0,0.0,5407177.042615021,4788123804.529999,407.8542857142857,5377001.042175834,60344.55196317572,4806645917.219464,44107607.58296187,411.03021428571424,3.3138605509486565,0
375,0.6098913333333331,0.054623594092256096,0.08877099911873179,0.041542459493346014,0.012064007035248164,0.005964054363602768,1.0,0.0,1.0,0.0,5407015.286196038,4788123804.529999,407.8542857142857,5376993.727965904,60342.75174223799,4806645917.219464,44107607.58296187,411.03021428571424,3.3138605509486565,0
376,0.6098913333333331,0.054623594092256096,0.08877099911873179,0.041542459493346014,0.012064007035248164,0.005964054363602768,1.0,0.0,1.0,0.0,5407015.286196038,4788123804.529999,407.8542857142857,5376989.999774924,60342.402293963794,4806645917.219464,44107607.58296187,411.03021428571424,3.3138605509486565,0
377,0.6098913333333331,0.054623594092256096,0.08877099911873179,0.041542459493346014,0.012064007035248164,0.005964054363602768,1.0,0.0,1.0,0.0,5407015.286196038,4788123804.529999,407.8542857142857,5376989.999774924,60342.402293963794,4806574999.319464,44176729.441998795,411.03021428571424,3.3138605509486565,0
378,0.6098913333333331,0.054623594092256096,0.08877099911873179,0.041542459493346014,0.012064007035248164,0.005964054363602768,1.0,0.0,1.0,0.0,5407015.286196038,4788123804.529999,407.8542857142857,5376989.999774924,60342.402293963794,4806574075.959464,44176770.75273036,411.03021428571424,3.3138605509486565,0
379,0.6098913333333331,0.054623594092256096,0.08877099911873179,0.041542459493346014,0.012064007035248164,0.005964054363602768,1.0,0.0,1.0,0.0,5407015.286196038,4788123804.529999,407.8542857142857,5376978.555666796,60336.922429375365,4806269160.772918,44214768.46581061,411.03021428571424,3.3138605509486565,0
380,0.6109646666666667,0.05234979062252516,0.08844523800267044,0.04102814543234947,0.012013894412600345,0.006779290196907822,1.0,0.0,1.0,0.0,5407015.286196038,4788123804.529999,407.8542857142857,5376978.555666796,60336.922429375365,4806269160.772918,44214768.46581061,411.03021428571424,3.3138605509486565,0
381,0.6109646666666667,0.05234979062252516,0.08844523800267044,0.04102814543234947,0.012013894412600345,0.006779290196907822,1.0,0.0,1.0,0.0,5407015.286196038,4788123804.529999,407.8542857142857,5376968.78533665,60333.363521146835,4806150739.824408,44268487.608175956,411.03021428571424,3.3138605509486565,0
382,0.6109646666666667,0.05234979062252516,0.08844523800267044,0.04102814543234947,0.012013894412600345,0.006779290196907822,1.0,0.0,1.0,0.0,5407015.286196038,4788123804.529999,407.8542857142857,5376936.418747131,60246.26033817504,4806150739.824408,44268487.608175956,411.03021428571424,3.3138605509486565,0
383,0.6109646666666667,0.05234979062252516,0.08844523800267044,0.04102814543234947,0.012013894412600345,0.006779290196907822,1.0,0.0,1.0,0.0,5407015.286196038,4788123804.529999,407.8542857142857,5376928.894478414,60226.06565784928,4805756520.783468,44529011.10706513,411.03021428571424,3.3138605509486565,0
384,0.6109646666666667,0.05234979062252516,0.08844523800267044,0.04102814543234947,0.012013894412600345,0.006779290196907822,1.0,0.0,1.0,0.0,5407015.286196038,4788123804.529999,407.8542857142857,5376926.827358127,60223.79576820426,4805436707.818041,44696725.66149208,411.03021428571424,3.3138605509486565,0
385,0.6113753333333333,0.052410224112815595,0.08821819794255098,0.0410612733746029,0.012486175375473254,0.006856807146450534,1.0,0.0,1.0,0.0,5407015.286196038,4788123804.529999,407.8542857142857,5376926.827358127,60223.79576820426,4805364169.609197,44630491.21988321,411.03021428571424,3.3138605509486565,0
386,0.6113753333333333,0.052410224112815595,0.08821819794255098,0.0410612733746029,0.012486175375473254,0.006856807146450534,1.0,0.0,1.0,0.0,5407015.286196038,4788123804.529999,407.8542857142857,5376926.827358127,60223.79576820426,4805363246.249197,44631069.965380795,411.03021428571424,3.3138605509486565,0
387,0.6113753333333333,0.052410224112815595,0.08821819794255098,0.0410612733746029,0.012486175375473254,0.006856807146450534,1.0,0.0,1.0,0.0,5407015.286196038,4788123804.529999,407.8542857142857,5376921.916045702,60210.62449303874,4805077513.790816,44836299.3072436,411.03021428571424,3.3138605509486565,0
388,0.6113753333333333,0.052410224112815595,0.08821819794255098,0.0410612733746029,0.012486175375473254,0.006856807146450534,1.0,0.0,1.0,0.0,5407015.286196038,4788123804.529999,407.8542857142857,5376900.535782546,60234.06488743415,4805077513.790816,44836299.3072436,411.03021428571424,3.3138605509486565,0
389,0.6113753333333333,0.052410224112815595,0.08821819794255098,0.0410612733746029,0.012486175375473254,0.006856807146450534,1.0,0.0,1.0,0.0,5407015.286196038,4788123804.529999,407.8542857142857,5376896.063227313,60229.845420485435,4805077513.790816,44836299.3072436,411.03021428571424,3.3138605509486565,0
390,0.6115486666666669,0.05247710349815008,0.08805181396737324,0.04121364995058006,0.011741066220068245,0.006323941385251723,1.0,0.0,1.0,0.0,5407015.286196038,4788123804.529999,407.8542857142857,5376876.6624587355,60228.92452284995,4805077513.790816,44836299.3072436,411.03021428571424,3.3138605509486565,0
391,0.6115486666666669,0.05247710349815008,0.08805181396737324,0.04121364995058006,0.011741066220068245,0.006323941385251723,1.0,0.0,1.0,0.0,5407015.286196038,4788123804.529999,407.8542857142857,5376871.437272128,60214.937738369685,4805077513.790816,44836299.3072436,411.03021428571424,3.3138605509486565,0
392,0.6115486666666669,0.05247710349815008,0.08805181396737324,0.04121364995058006,0.011741066220068245,0.006323941385251723,1.0,0.0,1.0,0.0,5407015.286196038,4788123804.529999,407.8542857142857,5376868.509978068,60219.16537704539,4805076744.324149,44836307.96416083,411.03021428571424,3.3138605509486565,0
393,0.6115486666666669,0.05247710349815008,0.08805181396737324,0.04121364995058006,0.011741066220068245,0.006323941385251723,1.0,0.0,1.0,0.0,5407015.286196038,4788123804.529999,407.8542857142857,5376864.787496388,60221.5014871961,4805076744.324149,44836307.96416083,411.03021428571424,3.3138605509486565,0
394,0.6115486666666669,0.05247710349815008,0.08805181396737324,0.04121364995058006,0.011741066220068245,0.006323941385251723,1.0,0.0,1.0,0.0,5407015.286196038,4788123804.529999,407.8542857142857,5376856.139405251,60217.439651857116,4804852738.906149,44606719.21477787,411.03021428571424,3.3138605509486565,0
395,0.6121540000000001,0.05287808850554263,0.0877667444216243,0.04144792773154947,0.012685866762323241,0.007154534221902533,1.0,0.0,1.0,0.0,5407015.286196038,4788123804.529999,407.8542857142857,5376852.287886454,60216.95348993835,4804850760.867395,44608648.76367763,411.03021428571424,3.3138605509486565,0
396,0.6121540000000001,0.05287808850554263,0.0877667444216243,0.04144792773154947,0.012685866762323241,0.007154534221902533,1.0,0.0,1.0,0.0,5407015.286196038,4788123804.529999,407.8542857142857,5376842.039965653,60215.27477751815,4804791818.086302,44667764.218701065,411.03021428571424,3.3138605509486565,0
397,0.6121540000000001,0.05287808850554263,0.0877667444216243,0.04144792773154947,0.012685866762323241,0.007154534221902533,1.0,0.0,1.0,0.0,5407015.286196038,4788123804.529999,407.8542857142857,5376827.008502822,60214.00044228937,4804791818.086302,44667764.218701065,411.03021428571424,3.3138605509486565,0
398,0.6121540000000001,0.05287808850554263,0.0877667444216243,0.04144792773154947,0.012685866762323241,0.007154534221902533,1.0,0.0,1.0,0.0,5407015.286196038,4788123804.529999,407.8542857142857,5376328.623784824,59862.4551145759,4804736879.685999,44728439.177231975,411.03021428571424,3.3138605509486565,0
399,0.6121540000000001,0.05287808850554263,0.0877667444216243,0.04144792773154947,0.012685866762323241,0.007154534221902533,1.0,0.0,1.0,0.0,5407015.286196038,4788123804.529999,407.8542857142857,5376319.327795957,59868.052741071704,4804613994.87611,44616433.50064757,411.03021428571424,3.3138605509486565,0
