generation,HV_norm_mean,HV_norm_std,IGD_plus_mean,IGD_plus_std,Spacing_mean,Spacing_std,FeasRatio_soft_mean,FeasRatio_soft_std,FeasRatio_strict_mean,FeasRatio_strict_std,MinCost_bestrun,MinEmission_gCO2_bestrun,MinTime_h_bestrun,boost_triggered_bestrun,vio_miss_alloc_mean,vio_miss_tt_mean,vio_cap_excess_mean,vio_late_teu_h_mean,vio_wait_teu_h_mean
0,0.022400000000000007,0.008003540883050868,0.9032091119918959,0.04602192977757475,0.04364351943589617,0.007383285351591127,0.5842666666666667,0.03249505945353675,0.5842666666666667,0.03249505945353675,13946931.989667593,753974270.7053336,427.41261904761905,0,0.0,0.0,380.5539798696737,136475.4242549849,127736.25675796907
1,0.022400000000000007,0.008003540883050868,0.9032091119918959,0.04602192977757475,0.04364351943589617,0.007383285351591127,1.0,0.0,1.0,0.0,13859290.462681087,696596429.2457579,427.41261904761905,0,0.0,0.0,0.0,201871.42868689034,167885.53945478503
2,0.022400000000000007,0.008003540883050868,0.9032091119918959,0.04602192977757475,0.04364351943589617,0.007383285351591127,1.0,0.0,1.0,0.0,13597475.028138643,659682609.1470946,427.41261904761905,0,0.0,0.0,0.0,197187.52181916212,163971.81639995018
3,0.022400000000000007,0.008003540883050868,0.9032091119918959,0.04602192977757475,0.04364351943589617,0.007383285351591127,1.0,0.0,1.0,0.0,13597475.028138643,659682609.1470946,427.41261904761905,0,0.0,0.0,0.0,193032.31675313812,160883.60022810707
4,0.022400000000000007,0.008003540883050868,0.9032091119918959,0.04602192977757475,0.04364351943589617,0.007383285351591127,1.0,0.0,1.0,0.0,13469137.944086544,658896980.06657,427.41261904761905,0,0.0,0.0,0.0,187980.69997633205,157473.03198450274
5,0.11713333333333335,0.021988987142557422,0.5370022497829192,0.047572663281503905,0.03615078644197016,0.006173217322450748,1.0,0.0,1.0,0.0,13096939.825433359,637773665.5080111,427.41261904761905,0,0.0,0.0,0.0,187573.8328834152,156846.90909200683
6,0.11713333333333335,0.021988987142557422,0.5370022497829192,0.047572663281503905,0.03615078644197016,0.006173217322450748,1.0,0.0,1.0,0.0,13096939.825433359,558303334.8089305,427.41261904761905,0,0.0,0.0,0.0,182694.6618080859,153415.72843524461
7,0.11713333333333335,0.021988987142557422,0.5370022497829192,0.047572663281503905,0.03615078644197016,0.006173217322450748,1.0,0.0,1.0,0.0,12848405.917034239,558303334.8089305,427.41261904761905,0,0.0,0.0,0.0,182863.55076488946,153160.56358471475
8,0.11713333333333335,0.021988987142557422,0.5370022497829192,0.047572663281503905,0.03615078644197016,0.006173217322450748,1.0,0.0,1.0,0.0,12848405.917034239,558303334.8089305,427.41261904761905,0,0.0,0.0,0.0,183692.49087598053,153237.24434337442
9,0.11713333333333335,0.021988987142557422,0.5370022497829192,0.047572663281503905,0.03615078644197016,0.006173217322450748,1.0,0.0,1.0,0.0,12848405.917034239,556080329.3092268,427.41261904761905,0,0.0,0.0,0.0,181660.41008821272,151389.75447946752
10,0.19176666666666667,0.0272463249305704,0.39827897998770434,0.03922688259462163,0.02924929982220965,0.0047307813585059245,1.0,0.0,1.0,0.0,12273084.463276774,543988681.4804124,426.33880952380946,0,0.0,0.0,0.0,183419.8070830955,151976.03132317698
11,0.19176666666666667,0.0272463249305704,0.39827897998770434,0.03922688259462163,0.02924929982220965,0.0047307813585059245,1.0,0.0,1.0,0.0,12273084.463276774,543988681.4804124,420.882619047619,0,0.0,0.0,0.0,180994.57230152193,150024.14153626873
12,0.19176666666666667,0.0272463249305704,0.39827897998770434,0.03922688259462163,0.02924929982220965,0.0047307813585059245,1.0,0.0,1.0,0.0,12048791.606309837,543988681.4804124,407.8542857142857,0,0.0,0.0,0.0,183416.5713639502,151185.89782351974
13,0.19176666666666667,0.0272463249305704,0.39827897998770434,0.03922688259462163,0.02924929982220965,0.0047307813585059245,1.0,0.0,1.0,0.0,11983739.754381472,543988681.4804124,407.8542857142857,0,0.0,0.0,0.0,182789.47236536565,150474.3342293442
14,0.19176666666666667,0.0272463249305704,0.39827897998770434,0.03922688259462163,0.02924929982220965,0.0047307813585059245,1.0,0.0,1.0,0.0,11983739.754381472,542502988.171968,407.8542857142857,0,0.0,0.0,0.0,183016.5251601196,150375.7479217619
15,0.2425166666666666,0.026305729202759025,0.3236603566641044,0.03506584342036414,0.025874241934258524,0.005292366617708456,1.0,0.0,1.0,0.0,11977949.558148274,537074617.3377361,407.8542857142857,0,0.0,0.0,0.0,185690.63296363124,151882.71751713593
16,0.2425166666666666,0.026305729202759025,0.3236603566641044,0.03506584342036414,0.025874241934258524,0.005292366617708456,1.0,0.0,1.0,0.0,11870318.178506285,525260610.8425624,407.8542857142857,0,0.0,0.0,0.0,185101.45961432316,151411.76898997233
17,0.2425166666666666,0.026305729202759025,0.3236603566641044,0.03506584342036414,0.025874241934258524,0.005292366617708456,1.0,0.0,1.0,0.0,11870318.178506285,520086823.74330366,407.8542857142857,0,0.0,0.0,0.0,185475.19124939057,151542.2180626472
18,0.2425166666666666,0.026305729202759025,0.3236603566641044,0.03506584342036414,0.025874241934258524,0.005292366617708456,1.0,0.0,1.0,0.0,10356270.846955517,520086823.74330366,333.505,0,0.0,0.0,0.0,185843.49771719845,151665.29577767715
19,0.2425166666666666,0.026305729202759025,0.3236603566641044,0.03506584342036414,0.025874241934258524,0.005292366617708456,1.0,0.0,1.0,0.0,10336716.485583236,520086823.74330366,333.505,0,0.0,0.0,0.0,185912.22138405222,151758.39883953298
20,0.28049999999999997,0.02369528785785618,0.27269887868767245,0.033650633769779344,0.022468906279766093,0.0040096231380631385,1.0,0.0,1.0,0.0,10146713.775737243,520086823.74330366,333.505,0,0.0,0.0,0.0,186416.66011696207,151993.44947747208
21,0.28049999999999997,0.02369528785785618,0.27269887868767245,0.033650633769779344,0.022468906279766093,0.0040096231380631385,1.0,0.0,1.0,0.0,10146713.775737243,520086823.74330366,333.505,0,0.0,0.0,0.0,184575.8510495763,150712.68214485905
22,0.28049999999999997,0.02369528785785618,0.27269887868767245,0.033650633769779344,0.022468906279766093,0.0040096231380631385,1.0,0.0,1.0,0.0,10087679.911013195,520086823.74330366,333.505,0,0.0,0.0,0.0,183863.66225574864,150072.39936459644
23,0.28049999999999997,0.02369528785785618,0.27269887868767245,0.033650633769779344,0.022468906279766093,0.0040096231380631385,1.0,0.0,1.0,0.0,9712160.69910804,515853241.41489446,333.505,0,0.0,0.0,0.0,186071.27290930253,151526.5544232892
24,0.28049999999999997,0.02369528785785618,0.27269887868767245,0.033650633769779344,0.022468906279766093,0.0040096231380631385,1.0,0.0,1.0,0.0,9655936.298432758,515853241.41489446,333.505,0,0.0,0.0,0.0,187012.3852960486,152098.61074014002
25,0.3074333333333333,0.02183717523449915,0.23465163520559618,0.031930991089461826,0.01965458235203531,0.006974697564725053,1.0,0.0,1.0,0.0,9655936.298432758,515752382.6790787,333.505,0,0.0,0.0,0.0,185388.97356926353,151029.33799808007
26,0.3074333333333333,0.02183717523449915,0.23465163520559618,0.031930991089461826,0.01965458235203531,0.006974697564725053,1.0,0.0,1.0,0.0,9655936.298432758,514670759.9294787,333.505,0,0.0,0.0,0.0,183479.571096091,149698.22557121105
27,0.3074333333333333,0.02183717523449915,0.23465163520559618,0.031930991089461826,0.01965458235203531,0.006974697564725053,1.0,0.0,1.0,0.0,9655936.298432758,514670759.9294787,333.505,0,0.0,0.0,0.0,181610.725355615,148503.4295571671
28,0.3074333333333333,0.02183717523449915,0.23465163520559618,0.031930991089461826,0.01965458235203531,0.006974697564725053,1.0,0.0,1.0,0.0,9655936.298432758,511140348.37407005,333.505,0,0.0,0.0,0.0,181031.09895787577,148021.97225973013
29,0.3074333333333333,0.02183717523449915,0.23465163520559618,0.031930991089461826,0.01965458235203531,0.006974697564725053,1.0,0.0,1.0,0.0,9655936.298432758,511140348.37407005,333.505,0,0.0,0.0,0.0,179192.39963238395,146793.43526454593
30,0.3246,0.022254737323395515,0.2117308623889356,0.029533065638970003,0.020269319159059888,0.007398341112367621,1.0,0.0,1.0,0.0,9655936.298432758,511140348.37407005,333.505,0,0.0,0.0,0.0,179730.30624561777,147159.17415363525
31,0.3246,0.022254737323395515,0.2117308623889356,0.029533065638970003,0.020269319159059888,0.007398341112367621,1.0,0.0,1.0,0.0,9630559.832642747,511140348.37407005,333.505,0,0.0,0.0,0.0,180681.29779112953,147875.1018866796
32,0.3246,0.022254737323395515,0.2117308623889356,0.029533065638970003,0.020269319159059888,0.007398341112367621,1.0,0.0,1.0,0.0,9630559.832642747,509852779.1273565,333.505,0,0.0,0.0,0.0,180943.3494460382,148105.87074826736
33,0.3246,0.022254737323395515,0.2117308623889356,0.029533065638970003,0.020269319159059888,0.007398341112367621,1.0,0.0,1.0,0.0,9548535.956098069,505483836.9319782,333.505,0,0.0,0.0,0.0,181431.48684269973,148497.8574330043
34,0.3246,0.022254737323395515,0.2117308623889356,0.029533065638970003,0.020269319159059888,0.007398341112367621,1.0,0.0,1.0,0.0,9548535.956098069,505483836.9319782,305.0733333333333,0,0.0,0.0,0.0,181577.58955896492,148671.9776764739
35,0.34051666666666675,0.026466797858616914,0.19364756622895815,0.028032964968197308,0.01862587003245792,0.006153503105628858,1.0,0.0,1.0,0.0,9284047.640011067,505483836.9319782,297.19714285714286,0,0.0,0.0,0.0,180856.2060157693,148201.2834155496
36,0.34051666666666675,0.026466797858616914,0.19364756622895815,0.028032964968197308,0.01862587003245792,0.006153503105628858,1.0,0.0,1.0,0.0,9284047.640011067,484472646.1521281,297.19714285714286,0,0.0,0.0,0.0,181223.5118783789,148528.4258062954
37,0.34051666666666675,0.026466797858616914,0.19364756622895815,0.028032964968197308,0.01862587003245792,0.006153503105628858,1.0,0.0,1.0,0.0,9284047.640011067,484472646.1521281,297.19714285714286,0,0.0,0.0,0.0,180320.322385099,147933.15570570913
38,0.34051666666666675,0.026466797858616914,0.19364756622895815,0.028032964968197308,0.01862587003245792,0.006153503105628858,1.0,0.0,1.0,0.0,9284047.640011067,484472646.1521281,297.19714285714286,0,0.0,0.0,0.0,178658.18991729675,146864.0978426217
39,0.34051666666666675,0.026466797858616914,0.19364756622895815,0.028032964968197308,0.01862587003245792,0.006153503105628858,1.0,0.0,1.0,0.0,9284047.640011067,484472646.1521281,297.19714285714286,0,0.0,0.0,0.0,176912.53656797975,145711.83841549017
40,0.35265,0.029651630084477087,0.18060505486453027,0.027206141563807185,0.015590791059403617,0.003599324659007522,1.0,0.0,1.0,0.0,9284047.640011067,484472646.1521281,297.19714285714286,0,0.0,0.0,0.0,179418.06744658248,147421.28761166692
41,0.35265,0.029651630084477087,0.18060505486453027,0.027206141563807185,0.015590791059403617,0.003599324659007522,1.0,0.0,1.0,0.0,9284047.640011067,478627515.11584824,297.19714285714286,0,0.0,0.0,0.0,178677.4394927407,146957.86132965508
42,0.35265,0.029651630084477087,0.18060505486453027,0.027206141563807185,0.015590791059403617,0.003599324659007522,1.0,0.0,1.0,0.0,9284047.640011067,478627515.11584824,297.19714285714286,0,0.0,0.0,0.0,177437.55134601184,146121.03768604074
43,0.35265,0.029651630084477087,0.18060505486453027,0.027206141563807185,0.015590791059403617,0.003599324659007522,1.0,0.0,1.0,0.0,9284047.640011067,471346778.9969429,297.19714285714286,0,0.0,0.0,0.0,177682.81634578193,146314.8267823871
44,0.35265,0.029651630084477087,0.18060505486453027,0.027206141563807185,0.015590791059403617,0.003599324659007522,1.0,0.0,1.0,0.0,9272652.980038002,471346778.9969429,297.19714285714286,0,0.0,0.0,0.0,177929.00715584765,146514.36851722337
45,0.3631499999999999,0.03497478853879367,0.17053474031629945,0.02696414999781117,0.015149314008589999,0.0035463550853464605,1.0,0.0,1.0,0.0,9272652.980038002,471346778.9969429,297.19714285714286,0,0.0,0.0,0.0,177529.19790352744,146270.24192236905
46,0.3631499999999999,0.03497478853879367,0.17053474031629945,0.02696414999781117,0.015149314008589999,0.0035463550853464605,1.0,0.0,1.0,0.0,9272392.491989383,471346778.9969429,297.19714285714286,0,0.0,0.0,0.0,177177.94567906007,146037.18896615
47,0.3631499999999999,0.03497478853879367,0.17053474031629945,0.02696414999781117,0.015149314008589999,0.0035463550853464605,1.0,0.0,1.0,0.0,9272392.491989383,471346778.9969429,297.19714285714286,0,0.0,0.0,0.0,177410.93368014184,146185.8809023668
48,0.3631499999999999,0.03497478853879367,0.17053474031629945,0.02696414999781117,0.015149314008589999,0.0035463550853464605,1.0,0.0,1.0,0.0,9272392.491989383,471346778.9969429,297.19714285714286,0,0.0,0.0,0.0,177859.76852935858,146524.90207262323
49,0.3631499999999999,0.03497478853879367,0.17053474031629945,0.02696414999781117,0.015149314008589999,0.0035463550853464605,1.0,0.0,1.0,0.0,9272392.491989383,471346778.9969429,297.19714285714286,0,0.0,0.0,0.0,177253.97007035356,146113.76250677605
50,0.37438333333333335,0.040053648051360094,0.16057873260445504,0.027203600459271567,0.015113779417529819,0.006876588973595803,1.0,0.0,1.0,0.0,9272392.491989383,471270384.0135848,287.0125,0,0.0,0.0,0.0,177475.23511456512,146280.41372953443
51,0.37438333333333335,0.040053648051360094,0.16057873260445504,0.027203600459271567,0.015113779417529819,0.006876588973595803,1.0,0.0,1.0,0.0,9233966.965321966,471132037.8193135,287.0125,0,0.0,0.0,0.0,176714.44559592468,145781.3575338701
52,0.37438333333333335,0.040053648051360094,0.16057873260445504,0.027203600459271567,0.015113779417529819,0.006876588973595803,1.0,0.0,1.0,0.0,9233966.965321966,471132037.8193135,287.0125,0,0.0,0.0,0.0,178359.28491613243,146870.64533703725
53,0.37438333333333335,0.040053648051360094,0.16057873260445504,0.027203600459271567,0.015113779417529819,0.006876588973595803,1.0,0.0,1.0,0.0,9233966.965321966,471132037.8193135,287.0125,0,0.0,0.0,0.0,177465.3501858067,146207.50636724907
54,0.37438333333333335,0.040053648051360094,0.16057873260445504,0.027203600459271567,0.015113779417529819,0.006876588973595803,1.0,0.0,1.0,0.0,9233966.965321966,471132037.8193135,287.0125,0,0.0,0.0,0.0,177250.96534460675,146117.41114258041
55,0.38433333333333336,0.047310205617345974,0.1515837648530742,0.029008609025933014,0.015919683683563703,0.006575099827894484,1.0,0.0,1.0,0.0,9233966.965321966,471132037.8193135,287.0125,0,0.0,0.0,0.0,177656.13839899038,146359.49500570056
56,0.38433333333333336,0.047310205617345974,0.1515837648530742,0.029008609025933014,0.015919683683563703,0.006575099827894484,1.0,0.0,1.0,0.0,9233966.965321966,471031788.70874643,287.0125,0,0.0,0.0,0.0,178189.40987257025,146751.14731104922
57,0.38433333333333336,0.047310205617345974,0.1515837648530742,0.029008609025933014,0.015919683683563703,0.006575099827894484,1.0,0.0,1.0,0.0,9233966.965321966,471031788.70874643,287.0125,0,0.0,0.0,0.0,178867.4409861967,147254.82619655033
58,0.38433333333333336,0.047310205617345974,0.1515837648530742,0.029008609025933014,0.015919683683563703,0.006575099827894484,1.0,0.0,1.0,0.0,9233966.965321966,471031788.70874643,287.0125,0,0.0,0.0,0.0,178825.56751352025,147231.10431179203
59,0.38433333333333336,0.047310205617345974,0.1515837648530742,0.029008609025933014,0.015919683683563703,0.006575099827894484,1.0,0.0,1.0,0.0,9233966.965321966,471031788.70874643,287.0125,0,0.0,0.0,0.0,177474.06738849924,146321.1279078295
60,0.39405,0.04884112850184088,0.143578827828864,0.028973803550946718,0.01587076206539342,0.0061143528922774125,1.0,0.0,1.0,0.0,9233966.965321966,471031788.70874643,287.0125,0,0.0,0.0,0.0,177175.79483606253,146145.70424037622
61,0.39405,0.04884112850184088,0.143578827828864,0.028973803550946718,0.01587076206539342,0.0061143528922774125,1.0,0.0,1.0,0.0,9233966.965321966,471031788.70874643,287.0125,0,0.0,0.0,0.0,177889.5025670635,146646.31089245903
62,0.39405,0.04884112850184088,0.143578827828864,0.028973803550946718,0.01587076206539342,0.0061143528922774125,1.0,0.0,1.0,0.0,9233966.965321966,470525770.89942807,287.0125,0,0.0,0.0,0.0,178178.5689551579,146843.34298595198
63,0.39405,0.04884112850184088,0.143578827828864,0.028973803550946718,0.01587076206539342,0.0061143528922774125,1.0,0.0,1.0,0.0,9233966.965321966,470525770.89942807,287.0125,0,0.0,0.0,0.0,178077.2214288676,146762.13159723504
64,0.39405,0.04884112850184088,0.143578827828864,0.028973803550946718,0.01587076206539342,0.0061143528922774125,1.0,0.0,1.0,0.0,9233966.965321966,470525770.89942807,287.0125,0,0.0,0.0,0.0,177668.17034199217,146485.72456530563
65,0.4001333333333334,0.05263695364369873,0.13818900331832867,0.02960886149180063,0.015781816610173006,0.006027304692989577,1.0,0.0,1.0,0.0,9204175.267914679,470380638.96619004,267.3257142857143,0,0.0,0.0,0.0,178000.627291456,146704.67210124963
66,0.4001333333333334,0.05263695364369873,0.13818900331832867,0.02960886149180063,0.015781816610173006,0.006027304692989577,1.0,0.0,1.0,0.0,9204175.267914679,470380638.96619004,267.3257142857143,0,0.0,0.0,0.0,178085.6820003725,146731.2211403214
67,0.4001333333333334,0.05263695364369873,0.13818900331832867,0.02960886149180063,0.015781816610173006,0.006027304692989577,1.0,0.0,1.0,0.0,9204175.267914679,470380638.96619004,267.3257142857143,0,0.0,0.0,0.0,177708.12376446184,146464.05342349113
68,0.4001333333333334,0.05263695364369873,0.13818900331832867,0.02960886149180063,0.015781816610173006,0.006027304692989577,1.0,0.0,1.0,0.0,9204175.267914679,470380638.96619004,267.3257142857143,0,0.0,0.0,0.0,177455.25439628243,146302.6780922341
69,0.4001333333333334,0.05263695364369873,0.13818900331832867,0.02960886149180063,0.015781816610173006,0.006027304692989577,1.0,0.0,1.0,0.0,9204175.267914679,470380638.96619004,267.3257142857143,0,0.0,0.0,0.0,177513.73168697534,146351.7625351886
70,0.4048999999999999,0.054442997713204586,0.13389080547021714,0.030342800776632685,0.015083280004155514,0.005490650837366042,1.0,0.0,1.0,0.0,9204175.267914679,470380638.96619004,267.3257142857143,0,0.0,0.0,0.0,177315.2954160721,146206.83239898505
71,0.4048999999999999,0.054442997713204586,0.13389080547021714,0.030342800776632685,0.015083280004155514,0.005490650837366042,1.0,0.0,1.0,0.0,9204175.267914679,470380638.96619004,267.3257142857143,0,0.0,0.0,0.0,176798.67911556037,145832.42379004203
72,0.4048999999999999,0.054442997713204586,0.13389080547021714,0.030342800776632685,0.015083280004155514,0.005490650837366042,1.0,0.0,1.0,0.0,9204175.267914679,470380638.96619004,267.3257142857143,0,0.0,0.0,0.0,176533.8446588294,145662.70698077476
73,0.4048999999999999,0.054442997713204586,0.13389080547021714,0.030342800776632685,0.015083280004155514,0.005490650837366042,1.0,0.0,1.0,0.0,9204175.267914679,470380638.96619004,267.3257142857143,0,0.0,0.0,0.0,175887.79389531256,145205.49518074736
74,0.4048999999999999,0.054442997713204586,0.13389080547021714,0.030342800776632685,0.015083280004155514,0.005490650837366042,1.0,0.0,1.0,0.0,9204175.267914679,470380638.96619004,267.3257142857143,0,0.0,0.0,0.0,175592.52552871135,145010.74607623962
75,0.41061666666666674,0.05746458087862084,0.12927115102582953,0.030490560049779267,0.01599703263095738,0.005987607142020014,1.0,0.0,1.0,0.0,9204175.267914679,470380638.96619004,267.3257142857143,0,0.0,0.0,0.0,175987.4428412878,145255.1204372922
76,0.41061666666666674,0.05746458087862084,0.12927115102582953,0.030490560049779267,0.01599703263095738,0.005987607142020014,1.0,0.0,1.0,0.0,9204175.267914679,470380638.96619004,267.3257142857143,0,0.0,0.0,0.0,176481.80921043616,145602.77891145615
77,0.41061666666666674,0.05746458087862084,0.12927115102582953,0.030490560049779267,0.01599703263095738,0.005987607142020014,1.0,0.0,1.0,0.0,9204175.267914679,470380638.96619004,267.3257142857143,0,0.0,0.0,0.0,176656.3427330021,145726.10819751333
78,0.41061666666666674,0.05746458087862084,0.12927115102582953,0.030490560049779267,0.01599703263095738,0.005987607142020014,1.0,0.0,1.0,0.0,9204175.267914679,470380638.96619004,267.3257142857143,0,0.0,0.0,0.0,176641.43757289107,145706.02937323137
79,0.41061666666666674,0.05746458087862084,0.12927115102582953,0.030490560049779267,0.01599703263095738,0.005987607142020014,1.0,0.0,1.0,0.0,9204175.267914679,470380638.96619004,267.3257142857143,0,0.0,0.0,0.0,176548.85984502643,145637.87419706857
80,0.4156000000000001,0.05973739755518872,0.12629553558488701,0.03147143485615153,0.01431044405881294,0.005521261996346406,1.0,0.0,1.0,0.0,9204175.267914679,470380638.96619004,267.3257142857143,0,0.0,0.0,0.0,176598.51365404096,145641.28857880415
81,0.4156000000000001,0.05973739755518872,0.12629553558488701,0.03147143485615153,0.01431044405881294,0.005521261996346406,1.0,0.0,1.0,0.0,9204175.267914679,470380638.96619004,267.3257142857143,0,0.0,0.0,0.0,176467.7736080261,145562.62957936194
82,0.4156000000000001,0.05973739755518872,0.12629553558488701,0.03147143485615153,0.01431044405881294,0.005521261996346406,1.0,0.0,1.0,0.0,9204175.267914679,470380638.96619004,267.3257142857143,0,0.0,0.0,0.0,176111.08495888472,145314.95509896957
83,0.4156000000000001,0.05973739755518872,0.12629553558488701,0.03147143485615153,0.01431044405881294,0.005521261996346406,1.0,0.0,1.0,0.0,9157343.749681087,470380638.96619004,267.3257142857143,0,0.0,0.0,0.0,176275.64015379007,145405.4576801937
84,0.4156000000000001,0.05973739755518872,0.12629553558488701,0.03147143485615153,0.01431044405881294,0.005521261996346406,1.0,0.0,1.0,0.0,9157343.749681087,470380638.96619004,267.3257142857143,0,0.0,0.0,0.0,175928.0720757078,145180.45159390516
85,0.41958333333333336,0.061244330803394,0.123716607920927,0.031987529874023625,0.013832179311508484,0.005736129456604328,1.0,0.0,1.0,0.0,9157343.749681087,470380638.96619004,267.3257142857143,0,0.0,0.0,0.0,175997.64755723544,145216.4303524377
86,0.41958333333333336,0.061244330803394,0.123716607920927,0.031987529874023625,0.013832179311508484,0.005736129456604328,1.0,0.0,1.0,0.0,9157343.749681087,470380638.96619004,267.3257142857143,0,0.0,0.0,0.0,176460.0248204319,145535.236465366
87,0.41958333333333336,0.061244330803394,0.123716607920927,0.031987529874023625,0.013832179311508484,0.005736129456604328,1.0,0.0,1.0,0.0,9157343.749681087,470380638.96619004,267.3257142857143,0,0.0,0.0,0.0,176471.1809848737,145547.5825788857
88,0.41958333333333336,0.061244330803394,0.123716607920927,0.031987529874023625,0.013832179311508484,0.005736129456604328,1.0,0.0,1.0,0.0,9157343.749681087,470380638.96619004,267.3257142857143,0,0.0,0.0,0.0,176265.26776015558,145413.92644512156
89,0.41958333333333336,0.061244330803394,0.123716607920927,0.031987529874023625,0.013832179311508484,0.005736129456604328,1.0,0.0,1.0,0.0,9157343.749681087,470380638.96619004,267.3257142857143,0,0.0,0.0,0.0,176087.36721589713,145290.04543949256
90,0.42295,0.06252844019590872,0.12126525241290126,0.03250722922403878,0.014215659461377771,0.0053316720924325,1.0,0.0,1.0,0.0,9157343.749681087,470380638.96619004,267.3257142857143,0,0.0,0.0,0.0,176068.25347108592,145291.77231765908
91,0.42295,0.06252844019590872,0.12126525241290126,0.03250722922403878,0.014215659461377771,0.0053316720924325,1.0,0.0,1.0,0.0,9157343.749681087,470380638.96619004,267.3257142857143,0,0.0,0.0,0.0,175684.65358609252,145036.35500311395
92,0.42295,0.06252844019590872,0.12126525241290126,0.03250722922403878,0.014215659461377771,0.0053316720924325,1.0,0.0,1.0,0.0,9157343.749681087,467523656.80899376,267.3257142857143,0,0.0,0.0,0.0,174923.33332785784,144517.6294070053
93,0.42295,0.06252844019590872,0.12126525241290126,0.03250722922403878,0.014215659461377771,0.0053316720924325,1.0,0.0,1.0,0.0,9157343.749681087,467523656.80899376,267.3257142857143,0,0.0,0.0,0.0,174754.17280175857,144411.9028418115
94,0.42295,0.06252844019590872,0.12126525241290126,0.03250722922403878,0.014215659461377771,0.0053316720924325,1.0,0.0,1.0,0.0,9157343.749681087,467523656.80899376,267.3257142857143,0,0.0,0.0,0.0,175174.06658617329,144681.53884428708
95,0.4293500000000001,0.06415322153511337,0.11795604389246812,0.032239378049176,0.015445624840578296,0.0067080052339051005,1.0,0.0,1.0,0.0,9157343.749681087,467523656.80899376,267.3257142857143,0,0.0,0.0,0.0,175088.56947927037,144629.81107598465
96,0.4293500000000001,0.06415322153511337,0.11795604389246812,0.032239378049176,0.015445624840578296,0.0067080052339051005,1.0,0.0,1.0,0.0,9157343.749681087,467523656.80899376,267.3257142857143,0,0.0,0.0,0.0,175116.34488750607,144636.08980587672
97,0.4293500000000001,0.06415322153511337,0.11795604389246812,0.032239378049176,0.015445624840578296,0.0067080052339051005,1.0,0.0,1.0,0.0,9157343.749681087,467523656.80899376,267.3257142857143,0,0.0,0.0,0.0,174908.59535689844,144506.35891621799
98,0.4293500000000001,0.06415322153511337,0.11795604389246812,0.032239378049176,0.015445624840578296,0.0067080052339051005,1.0,0.0,1.0,0.0,9157343.749681087,467523656.80899376,267.3257142857143,0,0.0,0.0,0.0,175262.29233686012,144765.09691877163
99,0.4293500000000001,0.06415322153511337,0.11795604389246812,0.032239378049176,0.015445624840578296,0.0067080052339051005,1.0,0.0,1.0,0.0,9157343.749681087,467523656.80899376,267.3257142857143,0,0.0,0.0,0.0,175199.38341239403,144689.07275891598
100,0.43343333333333334,0.06606546416665485,0.11571583807828621,0.0329167947892,0.014984433836930454,0.005394311688890161,1.0,0.0,1.0,0.0,9157343.749681087,467523656.80899376,267.3257142857143,0,0.0,0.0,0.0,174569.65729366624,144261.80100968917
101,0.43343333333333334,0.06606546416665485,0.11571583807828621,0.0329167947892,0.014984433836930454,0.005394311688890161,1.0,0.0,1.0,0.0,9157343.749681087,467523656.80899376,267.3257142857143,0,0.0,0.0,0.0,174737.31973750735,144391.39657238993
102,0.43343333333333334,0.06606546416665485,0.11571583807828621,0.0329167947892,0.014984433836930454,0.005394311688890161,1.0,0.0,1.0,0.0,9157343.749681087,467523656.80899376,267.3257142857143,0,0.0,0.0,0.0,174878.85980165118,144484.39889889472
103,0.43343333333333334,0.06606546416665485,0.11571583807828621,0.0329167947892,0.014984433836930454,0.005394311688890161,1.0,0.0,1.0,0.0,9157343.749681087,467523656.80899376,267.3257142857143,0,0.0,0.0,0.0,175003.91908179005,144573.16828406666
104,0.43343333333333334,0.06606546416665485,0.11571583807828621,0.0329167947892,0.014984433836930454,0.005394311688890161,1.0,0.0,1.0,0.0,9157343.749681087,467523656.80899376,267.3257142857143,0,0.0,0.0,0.0,174723.55826798495,144385.90003961002
105,0.4387,0.06759038393144398,0.11293796497963991,0.03206431624336585,0.012808108834224615,0.003582917009737484,1.0,0.0,1.0,0.0,9157343.749681087,467523656.80899376,267.3257142857143,0,0.0,0.0,0.0,174426.3828314892,144192.556091793
106,0.4387,0.06759038393144398,0.11293796497963991,0.03206431624336585,0.012808108834224615,0.003582917009737484,1.0,0.0,1.0,0.0,9157343.749681087,467523656.80899376,267.3257142857143,0,0.0,0.0,0.0,173950.98904702588,143890.67321560453
107,0.4387,0.06759038393144398,0.11293796497963991,0.03206431624336585,0.012808108834224615,0.003582917009737484,1.0,0.0,1.0,0.0,9157343.749681087,467523656.80899376,267.3257142857143,0,0.0,0.0,0.0,173685.76516763883,143694.46077568462
108,0.4387,0.06759038393144398,0.11293796497963991,0.03206431624336585,0.012808108834224615,0.003582917009737484,1.0,0.0,1.0,0.0,9157343.749681087,467523656.80899376,267.3257142857143,0,0.0,0.0,0.0,174026.72627732402,143893.66666529776
109,0.4387,0.06759038393144398,0.11293796497963991,0.03206431624336585,0.012808108834224615,0.003582917009737484,1.0,0.0,1.0,0.0,9157343.749681087,467523656.80899376,267.3257142857143,0,0.0,0.0,0.0,173892.86723879227,143791.34889373332
110,0.44138333333333324,0.06896082019684963,0.1115511570110527,0.03220451076935649,0.012947791787985958,0.005176013141104244,1.0,0.0,1.0,0.0,9157343.749681087,466389264.12743896,267.3257142857143,0,0.0,0.0,0.0,174020.5675916889,143872.09653640824
111,0.44138333333333324,0.06896082019684963,0.1115511570110527,0.03220451076935649,0.012947791787985958,0.005176013141104244,1.0,0.0,1.0,0.0,9157343.749681087,466389264.12743896,267.3257142857143,0,0.0,0.0,0.0,173610.21547396726,143599.5779804611
112,0.44138333333333324,0.06896082019684963,0.1115511570110527,0.03220451076935649,0.012947791787985958,0.005176013141104244,1.0,0.0,1.0,0.0,9157343.749681087,466389264.12743896,267.3257142857143,0,0.0,0.0,0.0,173263.14853348112,143368.54128253498
113,0.44138333333333324,0.06896082019684963,0.1115511570110527,0.03220451076935649,0.012947791787985958,0.005176013141104244,1.0,0.0,1.0,0.0,9157343.749681087,466389264.12743896,267.3257142857143,0,0.0,0.0,0.0,173255.76832330186,143368.37842753585
114,0.44138333333333324,0.06896082019684963,0.1115511570110527,0.03220451076935649,0.012947791787985958,0.005176013141104244,1.0,0.0,1.0,0.0,9157343.749681087,466389264.12743896,267.3257142857143,0,0.0,0.0,0.0,173059.11720448517,143247.1106749039
115,0.44365000000000004,0.07030115575152374,0.1098732048086865,0.03273002053666407,0.012913644158320628,0.003991283101284902,1.0,0.0,1.0,0.0,9132008.316882616,466389264.12743896,267.3257142857143,0,0.0,0.0,0.0,173369.90413197794,143481.68295545812
116,0.44365000000000004,0.07030115575152374,0.1098732048086865,0.03273002053666407,0.012913644158320628,0.003991283101284902,1.0,0.0,1.0,0.0,9132008.316882616,466389264.12743896,267.3257142857143,0,0.0,0.0,0.0,173509.66463659637,143567.68395938902
117,0.44365000000000004,0.07030115575152374,0.1098732048086865,0.03273002053666407,0.012913644158320628,0.003991283101284902,1.0,0.0,1.0,0.0,9132008.316882616,466389264.12743896,267.3257142857143,0,0.0,0.0,0.0,173922.18621154167,143829.56812299872
118,0.44365000000000004,0.07030115575152374,0.1098732048086865,0.03273002053666407,0.012913644158320628,0.003991283101284902,1.0,0.0,1.0,0.0,9132008.316882616,466389264.12743896,267.3257142857143,0,0.0,0.0,0.0,173626.63459053176,143617.37551703647
119,0.44365000000000004,0.07030115575152374,0.1098732048086865,0.03273002053666407,0.012913644158320628,0.003991283101284902,1.0,0.0,1.0,0.0,9132008.316882616,466389264.12743896,267.3257142857143,0,0.0,0.0,0.0,173480.84388039412,143518.99457551772
120,0.4477333333333332,0.07184343316468728,0.10760502975744636,0.0334641204443749,0.01386892310535671,0.005319940304468798,1.0,0.0,1.0,0.0,9130482.894591115,466389264.12743896,267.3257142857143,0,0.0,0.0,0.0,174130.2629770821,143943.1112465573
121,0.4477333333333332,0.07184343316468728,0.10760502975744636,0.0334641204443749,0.01386892310535671,0.005319940304468798,1.0,0.0,1.0,0.0,9130482.894591115,466389264.12743896,267.3257142857143,0,0.0,0.0,0.0,173891.20376795655,143788.78624255152
122,0.4477333333333332,0.07184343316468728,0.10760502975744636,0.0334641204443749,0.01386892310535671,0.005319940304468798,1.0,0.0,1.0,0.0,9130482.894591115,466389264.12743896,267.3257142857143,0,0.0,0.0,0.0,174072.85541488844,143933.08484972682
123,0.4477333333333332,0.07184343316468728,0.10760502975744636,0.0334641204443749,0.01386892310535671,0.005319940304468798,1.0,0.0,1.0,0.0,9130482.894591115,466389264.12743896,267.3257142857143,0,0.0,0.0,0.0,173701.31083208555,143677.52429405617
124,0.4477333333333332,0.07184343316468728,0.10760502975744636,0.0334641204443749,0.01386892310535671,0.005319940304468798,1.0,0.0,1.0,0.0,9130482.894591115,466389264.12743896,267.3257142857143,0,0.0,0.0,0.0,174016.08141745467,143871.67250918775
125,0.4500833333333334,0.07289296757727882,0.10606964180774635,0.03329176519879549,0.013321217528100544,0.004413213395578823,1.0,0.0,1.0,0.0,9130482.894591115,466389264.12743896,267.3257142857143,0,0.0,0.0,0.0,173919.1712624613,143807.10029009223
126,0.4500833333333334,0.07289296757727882,0.10606964180774635,0.03329176519879549,0.013321217528100544,0.004413213395578823,1.0,0.0,1.0,0.0,9130482.894591115,466389264.12743896,267.3257142857143,0,0.0,0.0,0.0,174082.20365590777,143909.31047588328
127,0.4500833333333334,0.07289296757727882,0.10606964180774635,0.03329176519879549,0.013321217528100544,0.004413213395578823,1.0,0.0,1.0,0.0,9130482.894591115,466389264.12743896,267.3257142857143,0,0.0,0.0,0.0,174397.84683671445,144118.84296044207
128,0.4500833333333334,0.07289296757727882,0.10606964180774635,0.03329176519879549,0.013321217528100544,0.004413213395578823,1.0,0.0,1.0,0.0,9130482.894591115,466389264.12743896,267.3257142857143,0,0.0,0.0,0.0,174195.72371813707,143993.53209753387
129,0.4500833333333334,0.07289296757727882,0.10606964180774635,0.03329176519879549,0.013321217528100544,0.004413213395578823,1.0,0.0,1.0,0.0,9130482.894591115,466389264.12743896,267.3257142857143,0,0.0,0.0,0.0,173962.42887245238,143817.8653860848
130,0.4519333333333334,0.07379574664045498,0.10479527622703683,0.03343432876042595,0.012980810616678908,0.0064222855399857955,1.0,0.0,1.0,0.0,9130482.894591115,466389264.12743896,267.3257142857143,0,0.0,0.0,0.0,173836.4287287878,143738.35193395097
131,0.4519333333333334,0.07379574664045498,0.10479527622703683,0.03343432876042595,0.012980810616678908,0.0064222855399857955,1.0,0.0,1.0,0.0,9130482.894591115,466389264.12743896,267.3257142857143,0,0.0,0.0,0.0,173879.11605029245,143774.6250394956
132,0.4519333333333334,0.07379574664045498,0.10479527622703683,0.03343432876042595,0.012980810616678908,0.0064222855399857955,1.0,0.0,1.0,0.0,9130482.894591115,466389264.12743896,267.3257142857143,0,0.0,0.0,0.0,174004.30767596708,143857.5726196089
133,0.4519333333333334,0.07379574664045498,0.10479527622703683,0.03343432876042595,0.012980810616678908,0.0064222855399857955,1.0,0.0,1.0,0.0,9130482.894591115,466389264.12743896,267.3257142857143,0,0.0,0.0,0.0,173437.44571302447,143474.8534808321
134,0.4519333333333334,0.07379574664045498,0.10479527622703683,0.03343432876042595,0.012980810616678908,0.0064222855399857955,1.0,0.0,1.0,0.0,9130482.894591115,466389264.12743896,267.3257142857143,0,0.0,0.0,0.0,173155.49410446847,143272.05093508732
135,0.45713333333333334,0.07428760925543967,0.102551922478184,0.03332613816374075,0.013099956633339493,0.0061377121245932845,1.0,0.0,1.0,0.0,9130482.894591115,466389264.12743896,267.3257142857143,0,0.0,0.0,0.0,173116.73411782764,143239.11770402355
136,0.45713333333333334,0.07428760925543967,0.102551922478184,0.03332613816374075,0.013099956633339493,0.0061377121245932845,1.0,0.0,1.0,0.0,9130482.894591115,466389264.12743896,267.3257142857143,0,0.0,0.0,0.0,173365.7549501485,143408.78966182398
137,0.45713333333333334,0.07428760925543967,0.102551922478184,0.03332613816374075,0.013099956633339493,0.0061377121245932845,1.0,0.0,1.0,0.0,9130482.894591115,466389264.12743896,267.3257142857143,0,0.0,0.0,0.0,173293.32624311285,143377.43198003474
138,0.45713333333333334,0.07428760925543967,0.102551922478184,0.03332613816374075,0.013099956633339493,0.0061377121245932845,1.0,0.0,1.0,0.0,9130482.894591115,466389264.12743896,267.3257142857143,0,0.0,0.0,0.0,173533.03587022427,143535.90660977582
139,0.45713333333333334,0.07428760925543967,0.102551922478184,0.03332613816374075,0.013099956633339493,0.0061377121245932845,1.0,0.0,1.0,0.0,9130482.894591115,463304684.81711876,267.3257142857143,0,0.0,0.0,0.0,173300.1469413153,143369.24112059333
140,0.4600166666666667,0.0758407853481372,0.1011761152801517,0.03359654527325785,0.01240618853749295,0.004526937527139103,1.0,0.0,1.0,0.0,9130482.894591115,463304684.81711876,267.3257142857143,0,0.0,0.0,0.0,173140.0281090826,143271.4114770665
141,0.4600166666666667,0.0758407853481372,0.1011761152801517,0.03359654527325785,0.01240618853749295,0.004526937527139103,1.0,0.0,1.0,0.0,9106089.101949262,463264471.5014038,267.3257142857143,0,0.0,0.0,0.0,173030.50042750593,143218.67698303322
142,0.4600166666666667,0.0758407853481372,0.1011761152801517,0.03359654527325785,0.01240618853749295,0.004526937527139103,1.0,0.0,1.0,0.0,9106089.101949262,463264471.5014038,267.3257142857143,0,0.0,0.0,0.0,173174.87207492572,143299.79973574824
143,0.4600166666666667,0.0758407853481372,0.1011761152801517,0.03359654527325785,0.01240618853749295,0.004526937527139103,1.0,0.0,1.0,0.0,9106089.101949262,463264471.5014038,267.3257142857143,0,0.0,0.0,0.0,173117.23425624514,143252.38161974735
144,0.4600166666666667,0.0758407853481372,0.1011761152801517,0.03359654527325785,0.01240618853749295,0.004526937527139103,1.0,0.0,1.0,0.0,9106089.101949262,463264471.5014038,267.3257142857143,0,0.0,0.0,0.0,173028.63418872358,143189.017187209
145,0.46314999999999995,0.07731797440871474,0.10011026892036641,0.03398181523657093,0.013429146168675635,0.004404163536927645,1.0,0.0,1.0,0.0,9106089.101949262,463264471.5014038,267.3257142857143,0,0.0,0.0,0.0,172708.68700674397,142975.39913766936
146,0.46314999999999995,0.07731797440871474,0.10011026892036641,0.03398181523657093,0.013429146168675635,0.004404163536927645,1.0,0.0,1.0,0.0,9106089.101949262,463264471.5014038,267.3257142857143,0,0.0,0.0,0.0,172522.65738754248,142853.6421446189
147,0.46314999999999995,0.07731797440871474,0.10011026892036641,0.03398181523657093,0.013429146168675635,0.004404163536927645,1.0,0.0,1.0,0.0,9106089.101949262,463264471.5014038,267.3257142857143,0,0.0,0.0,0.0,172292.51622044892,142690.70763324693
148,0.46314999999999995,0.07731797440871474,0.10011026892036641,0.03398181523657093,0.013429146168675635,0.004404163536927645,1.0,0.0,1.0,0.0,9106089.101949262,463264471.5014038,267.3257142857143,0,0.0,0.0,0.0,172353.0973912362,142725.99629773333
149,0.46314999999999995,0.07731797440871474,0.10011026892036641,0.03398181523657093,0.013429146168675635,0.004404163536927645,1.0,0.0,1.0,0.0,9106089.101949262,463264471.5014038,267.3257142857143,0,0.0,0.0,0.0,171856.3113715717,142401.00086207254
150,0.4652666666666666,0.0786285288909538,0.09915010383197183,0.03445969927971283,0.013487993077773016,0.004518820036077542,1.0,0.0,1.0,0.0,9106089.101949262,463264471.5014038,267.3257142857143,0,0.0,0.0,0.0,171547.42637931884,142196.23786691763
151,0.4652666666666666,0.0786285288909538,0.09915010383197183,0.03445969927971283,0.013487993077773016,0.004518820036077542,1.0,0.0,1.0,0.0,9106089.101949262,463264471.5014038,267.3257142857143,0,0.0,0.0,0.0,171460.02217835808,142129.53094493967
152,0.4652666666666666,0.0786285288909538,0.09915010383197183,0.03445969927971283,0.013487993077773016,0.004518820036077542,1.0,0.0,1.0,0.0,9106089.101949262,463264471.5014038,267.3257142857143,0,0.0,0.0,0.0,171589.4919427509,142217.30860602573
153,0.4652666666666666,0.0786285288909538,0.09915010383197183,0.03445969927971283,0.013487993077773016,0.004518820036077542,1.0,0.0,1.0,0.0,9106089.101949262,463264471.5014038,267.3257142857143,0,0.0,0.0,0.0,171695.254406266,142299.1725882607
154,0.4652666666666666,0.0786285288909538,0.09915010383197183,0.03445969927971283,0.013487993077773016,0.004518820036077542,1.0,0.0,1.0,0.0,9106089.101949262,463264471.5014038,267.3257142857143,0,0.0,0.0,0.0,171838.89688196592,142395.40563033003
155,0.46675,0.07960859982857799,0.0981811871596833,0.034789383985244456,0.012345015359609735,0.0048441064273355965,1.0,0.0,1.0,0.0,9106089.101949262,463264471.5014038,267.3257142857143,0,0.0,0.0,0.0,171577.40332338822,142211.66983723568
156,0.46675,0.07960859982857799,0.0981811871596833,0.034789383985244456,0.012345015359609735,0.0048441064273355965,1.0,0.0,1.0,0.0,9106089.101949262,463264471.5014038,267.3257142857143,0,0.0,0.0,0.0,171603.57972115822,142228.25016403207
157,0.46675,0.07960859982857799,0.0981811871596833,0.034789383985244456,0.012345015359609735,0.0048441064273355965,1.0,0.0,1.0,0.0,9106089.101949262,463264471.5014038,265.81333333333333,0,0.0,0.0,0.0,171280.23923896422,142012.32021839757
158,0.46675,0.07960859982857799,0.0981811871596833,0.034789383985244456,0.012345015359609735,0.0048441064273355965,1.0,0.0,1.0,0.0,9106089.101949262,463264471.5014038,265.81333333333333,0,0.0,0.0,0.0,171544.10835045556,142188.18657596924
159,0.46675,0.07960859982857799,0.0981811871596833,0.034789383985244456,0.012345015359609735,0.0048441064273355965,1.0,0.0,1.0,0.0,9106089.101949262,463264471.5014038,265.81333333333333,0,0.0,0.0,0.0,171319.54596670714,142024.32877164098
160,0.46856666666666674,0.08088064594752498,0.09723523583956448,0.03488525416552747,0.01301373250718002,0.004262430686213204,1.0,0.0,1.0,0.0,9106089.101949262,463264471.5014038,265.81333333333333,0,0.0,0.0,0.0,171480.76532675503,142121.70779867328
161,0.46856666666666674,0.08088064594752498,0.09723523583956448,0.03488525416552747,0.01301373250718002,0.004262430686213204,1.0,0.0,1.0,0.0,9106089.101949262,463264471.5014038,265.81333333333333,0,0.0,0.0,0.0,171534.3162581566,142144.86884987273
162,0.46856666666666674,0.08088064594752498,0.09723523583956448,0.03488525416552747,0.01301373250718002,0.004262430686213204,1.0,0.0,1.0,0.0,9106089.101949262,463264471.5014038,265.81333333333333,0,0.0,0.0,0.0,171525.0806897646,142134.1941048466
163,0.46856666666666674,0.08088064594752498,0.09723523583956448,0.03488525416552747,0.01301373250718002,0.004262430686213204,1.0,0.0,1.0,0.0,9106089.101949262,463264471.5014038,265.81333333333333,0,0.0,0.0,0.0,171505.0056554791,142115.22934851793
164,0.46856666666666674,0.08088064594752498,0.09723523583956448,0.03488525416552747,0.01301373250718002,0.004262430686213204,1.0,0.0,1.0,0.0,9106089.101949262,463264471.5014038,265.81333333333333,0,0.0,0.0,0.0,171734.95940576482,142291.44861982059
165,0.47015,0.08146360639369377,0.09593263764379947,0.034533846484167886,0.013118116034988045,0.005577063259146153,1.0,0.0,1.0,0.0,9106089.101949262,463264471.5014038,265.81333333333333,0,0.0,0.0,0.0,171382.96953230674,142048.86082171003
166,0.47015,0.08146360639369377,0.09593263764379947,0.034533846484167886,0.013118116034988045,0.005577063259146153,1.0,0.0,1.0,0.0,9106089.101949262,463264471.5014038,265.81333333333333,0,0.0,0.0,0.0,171139.69742339177,141885.39350901832
167,0.47015,0.08146360639369377,0.09593263764379947,0.034533846484167886,0.013118116034988045,0.005577063259146153,1.0,0.0,1.0,0.0,9106089.101949262,463264471.5014038,265.81333333333333,0,0.0,0.0,0.0,171652.4262541134,142239.4553726284
168,0.47015,0.08146360639369377,0.09593263764379947,0.034533846484167886,0.013118116034988045,0.005577063259146153,1.0,0.0,1.0,0.0,9106089.101949262,463264471.5014038,265.81333333333333,0,0.0,0.0,0.0,171370.65862973325,142050.02786694458
169,0.47015,0.08146360639369377,0.09593263764379947,0.034533846484167886,0.013118116034988045,0.005577063259146153,1.0,0.0,1.0,0.0,9106089.101949262,463264471.5014038,265.81333333333333,0,0.0,0.0,0.0,171482.8710741602,142132.4800274582
170,0.47106666666666663,0.08190235378519689,0.09504371120953636,0.03419455959187138,0.011911296236541394,0.0032726436475151617,1.0,0.0,1.0,0.0,9106089.101949262,463264471.5014038,265.81333333333333,0,0.0,0.0,0.0,171446.7234207409,142107.81640488748
171,0.47106666666666663,0.08190235378519689,0.09504371120953636,0.03419455959187138,0.011911296236541394,0.0032726436475151617,1.0,0.0,1.0,0.0,9106089.101949262,463264471.5014038,265.81333333333333,0,0.0,0.0,0.0,171388.27499093927,142051.9367688595
172,0.47106666666666663,0.08190235378519689,0.09504371120953636,0.03419455959187138,0.011911296236541394,0.0032726436475151617,1.0,0.0,1.0,0.0,9106089.101949262,463264471.5014038,265.81333333333333,0,0.0,0.0,0.0,171361.9174974355,142025.98597408205
173,0.47106666666666663,0.08190235378519689,0.09504371120953636,0.03419455959187138,0.011911296236541394,0.0032726436475151617,1.0,0.0,1.0,0.0,9106089.101949262,463264471.5014038,265.81333333333333,0,0.0,0.0,0.0,171520.54004089892,142120.2037923327
174,0.47106666666666663,0.08190235378519689,0.09504371120953636,0.03419455959187138,0.011911296236541394,0.0032726436475151617,1.0,0.0,1.0,0.0,9106089.101949262,463264471.5014038,265.81333333333333,0,0.0,0.0,0.0,171807.2787838207,142306.63378230864
175,0.47264999999999996,0.08264403083909529,0.09412693134763317,0.03414653085751139,0.01251354627703231,0.003964603342547898,1.0,0.0,1.0,0.0,9106089.101949262,463264471.5014038,265.81333333333333,0,0.0,0.0,0.0,171586.78787197403,142160.1723068617
176,0.47264999999999996,0.08264403083909529,0.09412693134763317,0.03414653085751139,0.01251354627703231,0.003964603342547898,1.0,0.0,1.0,0.0,9106089.101949262,463264471.5014038,265.81333333333333,0,0.0,0.0,0.0,171628.25013275465,142191.6786643443
177,0.47264999999999996,0.08264403083909529,0.09412693134763317,0.03414653085751139,0.01251354627703231,0.003964603342547898,1.0,0.0,1.0,0.0,9106089.101949262,463264471.5014038,265.81333333333333,0,0.0,0.0,0.0,171757.19136182553,142274.49749773415
178,0.47264999999999996,0.08264403083909529,0.09412693134763317,0.03414653085751139,0.01251354627703231,0.003964603342547898,1.0,0.0,1.0,0.0,9106089.101949262,463264471.5014038,265.81333333333333,0,0.0,0.0,0.0,171601.82271873747,142156.88666689105
179,0.47264999999999996,0.08264403083909529,0.09412693134763317,0.03414653085751139,0.01251354627703231,0.003964603342547898,1.0,0.0,1.0,0.0,9106089.101949262,463264471.5014038,265.81333333333333,0,0.0,0.0,0.0,171487.4700161759,142063.4637073576
180,0.4734666666666666,0.08294816989475348,0.0932339551082062,0.03415649105977783,0.013076070856358346,0.0038260429289861527,1.0,0.0,1.0,0.0,9106089.101949262,463264471.5014038,265.81333333333333,0,0.0,0.0,0.0,171651.51105919413,142176.21229334534
181,0.4734666666666666,0.08294816989475348,0.0932339551082062,0.03415649105977783,0.013076070856358346,0.0038260429289861527,1.0,0.0,1.0,0.0,9106089.101949262,463264471.5014038,265.81333333333333,0,0.0,0.0,0.0,171475.95409969924,142040.6259365978
182,0.4734666666666666,0.08294816989475348,0.0932339551082062,0.03415649105977783,0.013076070856358346,0.0038260429289861527,1.0,0.0,1.0,0.0,9106089.101949262,463264471.5014038,265.81333333333333,0,0.0,0.0,0.0,171357.79696771904,141949.09754142462
183,0.4734666666666666,0.08294816989475348,0.0932339551082062,0.03415649105977783,0.013076070856358346,0.0038260429289861527,1.0,0.0,1.0,0.0,9106089.101949262,463264471.5014038,265.81333333333333,0,0.0,0.0,0.0,171497.76806624234,142047.63199997426
184,0.4734666666666666,0.08294816989475348,0.0932339551082062,0.03415649105977783,0.013076070856358346,0.0038260429289861527,1.0,0.0,1.0,0.0,9106089.101949262,463264471.5014038,265.81333333333333,0,0.0,0.0,0.0,171414.42711207634,141982.98405095833
185,0.4744499999999999,0.08322433037679947,0.0924967639844491,0.03406023223227705,0.012586729138458928,0.004456488933648489,1.0,0.0,1.0,0.0,9106089.101949262,463264471.5014038,265.81333333333333,0,0.0,0.0,0.0,171495.22867240524,142023.5010573086
186,0.4744499999999999,0.08322433037679947,0.0924967639844491,0.03406023223227705,0.012586729138458928,0.004456488933648489,1.0,0.0,1.0,0.0,9066838.82292981,463264471.5014038,265.81333333333333,0,0.0,0.0,0.0,171049.53704904203,141716.3878744182
187,0.4744499999999999,0.08322433037679947,0.0924967639844491,0.03406023223227705,0.012586729138458928,0.004456488933648489,1.0,0.0,1.0,0.0,9066838.82292981,463264471.5014038,265.81333333333333,0,0.0,0.0,0.0,171225.21542210443,141821.41872735566
188,0.4744499999999999,0.08322433037679947,0.0924967639844491,0.03406023223227705,0.012586729138458928,0.004456488933648489,1.0,0.0,1.0,0.0,9066838.82292981,463264471.5014038,265.81333333333333,0,0.0,0.0,0.0,171343.11693007735,141905.65305255525
189,0.4744499999999999,0.08322433037679947,0.0924967639844491,0.03406023223227705,0.012586729138458928,0.004456488933648489,1.0,0.0,1.0,0.0,9066838.82292981,463264471.5014038,265.81333333333333,0,0.0,0.0,0.0,170835.1126881921,141571.32536093637
190,0.4751666666666667,0.08331909878426569,0.0919075516811899,0.034068823370252355,0.012068816656586621,0.0043588674257671505,1.0,0.0,1.0,0.0,9066838.82292981,463264471.5014038,265.81333333333333,0,0.0,0.0,0.0,171013.1247677449,141696.50845575074
191,0.4751666666666667,0.08331909878426569,0.0919075516811899,0.034068823370252355,0.012068816656586621,0.0043588674257671505,1.0,0.0,1.0,0.0,9066838.82292981,463264471.5014038,263.8516666666667,0,0.0,0.0,0.0,170925.13947011423,141627.96117081208
192,0.4751666666666667,0.08331909878426569,0.0919075516811899,0.034068823370252355,0.012068816656586621,0.0043588674257671505,1.0,0.0,1.0,0.0,9066838.82292981,463264471.5014038,263.8516666666667,0,0.0,0.0,0.0,170579.3259953702,141397.66298467445
193,0.4751666666666667,0.08331909878426569,0.0919075516811899,0.034068823370252355,0.012068816656586621,0.0043588674257671505,1.0,0.0,1.0,0.0,9066838.82292981,463264471.5014038,263.8516666666667,0,0.0,0.0,0.0,169884.3756223161,140944.67613045097
194,0.4751666666666667,0.08331909878426569,0.0919075516811899,0.034068823370252355,0.012068816656586621,0.0043588674257671505,1.0,0.0,1.0,0.0,9008426.744494554,463264471.5014038,263.8516666666667,0,0.0,0.0,0.0,170615.2095779634,141438.963931587
195,0.4759833333333334,0.08385120584834914,0.09141974753058514,0.034068478459055605,0.012628042104043061,0.004909651668429695,1.0,0.0,1.0,0.0,9008426.744494554,463264471.5014038,263.8516666666667,0,0.0,0.0,0.0,170536.24532016786,141399.3209576984
196,0.4759833333333334,0.08385120584834914,0.09141974753058514,0.034068478459055605,0.012628042104043061,0.004909651668429695,1.0,0.0,1.0,0.0,9008426.744494554,463264471.5014038,263.8516666666667,0,0.0,0.0,0.0,170713.04539824868,141515.26885866802
197,0.4759833333333334,0.08385120584834914,0.09141974753058514,0.034068478459055605,0.012628042104043061,0.004909651668429695,1.0,0.0,1.0,0.0,9008426.744494554,463264471.5014038,263.8516666666667,0,0.0,0.0,0.0,170595.1117190897,141423.19991837398
198,0.4759833333333334,0.08385120584834914,0.09141974753058514,0.034068478459055605,0.012628042104043061,0.004909651668429695,1.0,0.0,1.0,0.0,9008426.744494554,463084446.5678365,263.8516666666667,0,0.0,0.0,0.0,170721.69857294482,141507.8923605192
199,0.4759833333333334,0.08385120584834914,0.09141974753058514,0.034068478459055605,0.012628042104043061,0.004909651668429695,1.0,0.0,1.0,0.0,9008426.744494554,463084446.5678365,263.8516666666667,0,0.0,0.0,0.0,170383.6962586173,141283.80422068146
200,0.47685,0.08457680434571488,0.09112840969300112,0.03423647198865806,0.012062275840240307,0.005080560468597807,1.0,0.0,1.0,0.0,9008426.744494554,463084446.5678365,263.8516666666667,0,0.0,0.0,0.0,169812.58952128747,140883.05296148075
201,0.47685,0.08457680434571488,0.09112840969300112,0.03423647198865806,0.012062275840240307,0.005080560468597807,1.0,0.0,1.0,0.0,9008426.744494554,463084446.5678365,263.8516666666667,0,0.0,0.0,0.0,170219.73839900267,141156.90332787298
202,0.47685,0.08457680434571488,0.09112840969300112,0.03423647198865806,0.012062275840240307,0.005080560468597807,1.0,0.0,1.0,0.0,9008426.744494554,463084446.5678365,263.8516666666667,0,0.0,0.0,0.0,169893.2764699073,140952.07749916505
203,0.47685,0.08457680434571488,0.09112840969300112,0.03423647198865806,0.012062275840240307,0.005080560468597807,1.0,0.0,1.0,0.0,9008426.744494554,463084446.5678365,263.8516666666667,0,0.0,0.0,0.0,169969.95703787904,140997.3629946759
204,0.47685,0.08457680434571488,0.09112840969300112,0.03423647198865806,0.012062275840240307,0.005080560468597807,1.0,0.0,1.0,0.0,9008426.744494554,463084446.5678365,263.8516666666667,0,0.0,0.0,0.0,169817.5429491379,140901.28916168312
205,0.47756666666666675,0.08458661569985854,0.0907178545545991,0.034304701964175566,0.011795967643632868,0.004189062154693238,1.0,0.0,1.0,0.0,9008426.744494554,463084446.5678365,263.8516666666667,0,0.0,0.0,0.0,169961.27502630165,141003.05801621877
206,0.47756666666666675,0.08458661569985854,0.0907178545545991,0.034304701964175566,0.011795967643632868,0.004189062154693238,1.0,0.0,1.0,0.0,9008426.744494554,463084446.5678365,263.8516666666667,0,0.0,0.0,0.0,170264.89210702654,141220.63641682864
207,0.47756666666666675,0.08458661569985854,0.0907178545545991,0.034304701964175566,0.011795967643632868,0.004189062154693238,1.0,0.0,1.0,0.0,9008426.744494554,463084446.5678365,263.8516666666667,0,0.0,0.0,0.0,169944.3735741391,141012.7326357393
208,0.47756666666666675,0.08458661569985854,0.0907178545545991,0.034304701964175566,0.011795967643632868,0.004189062154693238,1.0,0.0,1.0,0.0,9008426.744494554,463084446.5678365,263.8516666666667,0,0.0,0.0,0.0,169956.3484602325,141011.8005190758
209,0.47756666666666675,0.08458661569985854,0.0907178545545991,0.034304701964175566,0.011795967643632868,0.004189062154693238,1.0,0.0,1.0,0.0,9008426.744494554,463084446.5678365,263.8516666666667,0,0.0,0.0,0.0,170255.67693054205,141208.7194633535
210,0.4781166666666667,0.08514327956777068,0.09035274722926628,0.03429920102619573,0.01290600822686563,0.004371523847766351,1.0,0.0,1.0,0.0,9008426.744494554,463084446.5678365,263.8516666666667,0,0.0,0.0,0.0,170193.75972375582,141163.2182108617
211,0.4781166666666667,0.08514327956777068,0.09035274722926628,0.03429920102619573,0.01290600822686563,0.004371523847766351,1.0,0.0,1.0,0.0,9008426.744494554,463084446.5678365,263.8516666666667,0,0.0,0.0,0.0,169921.4206569159,140988.38391922254
212,0.4781166666666667,0.08514327956777068,0.09035274722926628,0.03429920102619573,0.01290600822686563,0.004371523847766351,1.0,0.0,1.0,0.0,9008426.744494554,463084446.5678365,263.8516666666667,0,0.0,0.0,0.0,170069.32088018645,141084.30320716012
213,0.4781166666666667,0.08514327956777068,0.09035274722926628,0.03429920102619573,0.01290600822686563,0.004371523847766351,1.0,0.0,1.0,0.0,9008426.744494554,463084446.5678365,263.8516666666667,0,0.0,0.0,0.0,170216.85916635962,141189.28547618716
214,0.4781166666666667,0.08514327956777068,0.09035274722926628,0.03429920102619573,0.01290600822686563,0.004371523847766351,1.0,0.0,1.0,0.0,9008426.744494554,463084446.5678365,263.8516666666667,0,0.0,0.0,0.0,170568.90091287543,141410.24600448174
215,0.4792166666666667,0.08595392984358283,0.08986346277256535,0.03442470155240859,0.012143738898567584,0.0034733523734808507,1.0,0.0,1.0,0.0,9008426.744494554,463084446.5678365,263.8516666666667,0,0.0,0.0,0.0,170299.58702607246,141235.6722522039
216,0.4792166666666667,0.08595392984358283,0.08986346277256535,0.03442470155240859,0.012143738898567584,0.0034733523734808507,1.0,0.0,1.0,0.0,9008426.744494554,463084446.5678365,263.8516666666667,0,0.0,0.0,0.0,170375.60608061292,141289.52240724678
217,0.4792166666666667,0.08595392984358283,0.08986346277256535,0.03442470155240859,0.012143738898567584,0.0034733523734808507,1.0,0.0,1.0,0.0,9008426.744494554,463084446.5678365,263.8516666666667,0,0.0,0.0,0.0,170338.0512023884,141265.8712352196
218,0.4792166666666667,0.08595392984358283,0.08986346277256535,0.03442470155240859,0.012143738898567584,0.0034733523734808507,1.0,0.0,1.0,0.0,9008426.744494554,463084446.5678365,263.8516666666667,0,0.0,0.0,0.0,170089.2673959305,141093.5879433277
219,0.4792166666666667,0.08595392984358283,0.08986346277256535,0.03442470155240859,0.012143738898567584,0.0034733523734808507,1.0,0.0,1.0,0.0,9008426.744494554,463084446.5678365,263.8516666666667,0,0.0,0.0,0.0,170125.22660077928,141102.21841363987
220,0.4800166666666666,0.08649860146589398,0.08932997594071439,0.03451513001843836,0.013551367358181568,0.004983873422735408,1.0,0.0,1.0,0.0,9008426.744494554,463084446.5678365,263.8516666666667,0,0.0,0.0,0.0,169955.65074957648,140978.81922639924
221,0.4800166666666666,0.08649860146589398,0.08932997594071439,0.03451513001843836,0.013551367358181568,0.004983873422735408,1.0,0.0,1.0,0.0,9008426.744494554,463084446.5678365,263.8516666666667,0,0.0,0.0,0.0,169589.3819912547,140740.09674915663
222,0.4800166666666666,0.08649860146589398,0.08932997594071439,0.03451513001843836,0.013551367358181568,0.004983873422735408,1.0,0.0,1.0,0.0,9008426.744494554,463084446.5678365,263.8516666666667,0,0.0,0.0,0.0,169868.74909069436,140918.6058922476
223,0.4800166666666666,0.08649860146589398,0.08932997594071439,0.03451513001843836,0.013551367358181568,0.004983873422735408,1.0,0.0,1.0,0.0,9008426.744494554,463084446.5678365,263.8516666666667,0,0.0,0.0,0.0,169995.4552307477,141000.1148328505
224,0.4800166666666666,0.08649860146589398,0.08932997594071439,0.03451513001843836,0.013551367358181568,0.004983873422735408,1.0,0.0,1.0,0.0,9008426.744494554,463084446.5678365,263.8516666666667,0,0.0,0.0,0.0,170200.23574495417,141110.98377449028
225,0.4805833333333335,0.08690925184096085,0.08887068942311312,0.03436276795061104,0.01358543093731867,0.0041000166106049995,1.0,0.0,1.0,0.0,9008426.744494554,463084446.5678365,263.8516666666667,0,0.0,0.0,0.0,169924.24648042468,140930.3920265266
226,0.4805833333333335,0.08690925184096085,0.08887068942311312,0.03436276795061104,0.01358543093731867,0.0041000166106049995,1.0,0.0,1.0,0.0,9008426.744494554,463084446.5678365,263.8516666666667,0,0.0,0.0,0.0,170067.8232142922,141038.36716906918
227,0.4805833333333335,0.08690925184096085,0.08887068942311312,0.03436276795061104,0.01358543093731867,0.0041000166106049995,1.0,0.0,1.0,0.0,9008426.744494554,462943929.9033783,263.8516666666667,0,0.0,0.0,0.0,170443.55973846806,141304.81948118756
228,0.4805833333333335,0.08690925184096085,0.08887068942311312,0.03436276795061104,0.01358543093731867,0.0041000166106049995,1.0,0.0,1.0,0.0,9008426.744494554,462943929.9033783,263.8516666666667,0,0.0,0.0,0.0,169999.05164632652,141010.54317922832
229,0.4805833333333335,0.08690925184096085,0.08887068942311312,0.03436276795061104,0.01358543093731867,0.0041000166106049995,1.0,0.0,1.0,0.0,9008426.744494554,462943929.9033783,263.8516666666667,0,0.0,0.0,0.0,169994.05023287196,141003.22891937368
230,0.4814333333333334,0.08746930255174606,0.08856938407776488,0.03447355346133906,0.012444659432995704,0.004301437096344089,1.0,0.0,1.0,0.0,9008426.744494554,462943929.9033783,263.8516666666667,0,0.0,0.0,0.0,169595.0484696881,140725.95035288294
231,0.4814333333333334,0.08746930255174606,0.08856938407776488,0.03447355346133906,0.012444659432995704,0.004301437096344089,1.0,0.0,1.0,0.0,9008426.744494554,462943929.9033783,263.8516666666667,0,0.0,0.0,0.0,169513.80039452453,140650.30203529602
232,0.4814333333333334,0.08746930255174606,0.08856938407776488,0.03447355346133906,0.012444659432995704,0.004301437096344089,1.0,0.0,1.0,0.0,9008426.744494554,462943929.9033783,263.8516666666667,0,0.0,0.0,3.031649005909761e-17,169311.50460522954,140502.26700131004
233,0.4814333333333334,0.08746930255174606,0.08856938407776488,0.03447355346133906,0.012444659432995704,0.004301437096344089,1.0,0.0,1.0,0.0,9008426.744494554,462943929.9033783,263.8516666666667,0,0.0,0.0,3.031649005909761e-17,169567.3896473726,140670.3150679201
234,0.4814333333333334,0.08746930255174606,0.08856938407776488,0.03447355346133906,0.012444659432995704,0.004301437096344089,1.0,0.0,1.0,0.0,9008426.744494554,462943929.9033783,263.8516666666667,0,0.0,0.0,3.031649005909761e-17,169410.58484701597,140564.10197600923
235,0.4825166666666668,0.0882081329709581,0.088241231964371,0.034785939027544975,0.013007226183637016,0.005232315300726921,1.0,0.0,1.0,0.0,9008426.744494554,462943929.9033783,263.8516666666667,0,0.0,0.0,3.031649005909761e-17,169392.42071661813,140545.39753522215
236,0.4825166666666668,0.0882081329709581,0.088241231964371,0.034785939027544975,0.013007226183637016,0.005232315300726921,1.0,0.0,1.0,0.0,9008426.744494554,462943929.9033783,263.8516666666667,0,0.0,0.0,3.031649005909761e-17,169113.89491885548,140357.36408319316
237,0.4825166666666668,0.0882081329709581,0.088241231964371,0.034785939027544975,0.013007226183637016,0.005232315300726921,1.0,0.0,1.0,0.0,9008426.744494554,462943929.9033783,263.8516666666667,0,0.0,0.0,3.031649005909761e-17,169336.42389076235,140506.51177578833
238,0.4825166666666668,0.0882081329709581,0.088241231964371,0.034785939027544975,0.013007226183637016,0.005232315300726921,1.0,0.0,1.0,0.0,9008426.744494554,462943929.9033783,263.8516666666667,0,0.0,0.0,3.031649005909761e-17,169194.06818403155,140405.42424621282
239,0.4825166666666668,0.0882081329709581,0.088241231964371,0.034785939027544975,0.013007226183637016,0.005232315300726921,1.0,0.0,1.0,0.0,9008426.744494554,462943929.9033783,263.8516666666667,0,0.0,0.0,3.031649005909761e-17,169183.93851870767,140423.59580942377
240,0.4828833333333334,0.08814785716182907,0.08793618643227784,0.034819213622125304,0.013327033279487482,0.00453399874574833,1.0,0.0,1.0,0.0,9008426.744494554,462943929.9033783,263.8516666666667,0,0.0,0.0,3.031649005909761e-17,169134.2211172439,140398.05581968458
241,0.4828833333333334,0.08814785716182907,0.08793618643227784,0.034819213622125304,0.013327033279487482,0.00453399874574833,1.0,0.0,1.0,0.0,9008426.744494554,462943929.9033783,263.8516666666667,0,0.0,0.0,6.063298011819522e-17,168952.3057754861,140274.69570634296
242,0.4828833333333334,0.08814785716182907,0.08793618643227784,0.034819213622125304,0.013327033279487482,0.00453399874574833,1.0,0.0,1.0,0.0,9008426.744494554,462943929.9033783,263.8516666666667,0,0.0,0.0,9.094947017729283e-17,169207.41199198726,140434.42839268505
243,0.4828833333333334,0.08814785716182907,0.08793618643227784,0.034819213622125304,0.013327033279487482,0.00453399874574833,1.0,0.0,1.0,0.0,9008426.744494554,462943929.9033783,263.8516666666667,0,0.0,0.0,1.2126596023639044e-16,169354.38741179323,140532.70966224273
244,0.4828833333333334,0.08814785716182907,0.08793618643227784,0.034819213622125304,0.013327033279487482,0.00453399874574833,1.0,0.0,1.0,0.0,9008426.744494554,462943929.9033783,263.8516666666667,0,0.0,0.0,1.2126596023639044e-16,169602.8936299052,140710.40792634813
245,0.48323333333333335,0.0885941808974432,0.08763552672073323,0.03496604613981188,0.01238851058171163,0.005156977678253534,1.0,0.0,1.0,0.0,9008426.744494554,462943929.9033783,263.8516666666667,0,0.0,0.0,2.1221543041368325e-16,169628.27764319608,140724.28888946897
246,0.48323333333333335,0.0885941808974432,0.08763552672073323,0.03496604613981188,0.01238851058171163,0.005156977678253534,1.0,0.0,1.0,0.0,9008426.744494554,462943929.9033783,263.8516666666667,0,0.0,0.0,2.1221543041368325e-16,169459.44516143727,140601.31301611543
247,0.48323333333333335,0.0885941808974432,0.08763552672073323,0.03496604613981188,0.01238851058171163,0.005156977678253534,1.0,0.0,1.0,0.0,9008426.744494554,462943929.9033783,263.8516666666667,0,0.0,0.0,2.1221543041368325e-16,169194.09865311193,140418.1183934507
248,0.48323333333333335,0.0885941808974432,0.08763552672073323,0.03496604613981188,0.01238851058171163,0.005156977678253534,1.0,0.0,1.0,0.0,9008426.744494554,462943929.9033783,263.8516666666667,0,0.0,0.0,2.1221543041368325e-16,169079.73729264908,140332.87631913504
249,0.48323333333333335,0.0885941808974432,0.08763552672073323,0.03496604613981188,0.01238851058171163,0.005156977678253534,1.0,0.0,1.0,0.0,9008426.744494554,462943929.9033783,263.8516666666667,0,0.0,0.0,2.1221543041368325e-16,168638.27079490284,140045.57251855842
250,0.4837166666666665,0.08874520487828562,0.08744774814114714,0.0349115583482593,0.013180535775590993,0.004636332780780336,1.0,0.0,1.0,0.0,9008426.744494554,462943929.9033783,263.8516666666667,0,0.0,0.0,2.1221543041368325e-16,168249.70571339334,139777.86606683882
251,0.4837166666666665,0.08874520487828562,0.08744774814114714,0.0349115583482593,0.013180535775590993,0.004636332780780336,1.0,0.0,1.0,0.0,9008426.744494554,462943929.9033783,263.8516666666667,0,0.0,0.0,2.1221543041368325e-16,168242.26556855944,139795.32738732785
252,0.4837166666666665,0.08874520487828562,0.08744774814114714,0.0349115583482593,0.013180535775590993,0.004636332780780336,1.0,0.0,1.0,0.0,9008426.744494554,462943929.9033783,263.8516666666667,0,0.0,0.0,2.1221543041368325e-16,168137.548170605,139716.84545846883
253,0.4837166666666665,0.08874520487828562,0.08744774814114714,0.0349115583482593,0.013180535775590993,0.004636332780780336,1.0,0.0,1.0,0.0,9008426.744494554,462943929.9033783,263.8516666666667,0,0.0,0.0,2.1221543041368325e-16,167910.20287771028,139556.03586028528
254,0.4837166666666665,0.08874520487828562,0.08744774814114714,0.0349115583482593,0.013180535775590993,0.004636332780780336,1.0,0.0,1.0,0.0,9008426.744494554,462943929.9033783,263.8516666666667,0,0.0,0.0,2.1221543041368325e-16,167770.41874485917,139466.7796187791
255,0.4840000000000001,0.08889122566372903,0.08726821838838976,0.03482892917404306,0.012450091355148758,0.004930632074954445,1.0,0.0,1.0,0.0,9008426.744494554,462943929.9033783,263.8516666666667,0,0.0,0.0,2.1221543041368325e-16,167785.29017338704,139466.0339539501
256,0.4840000000000001,0.08889122566372903,0.08726821838838976,0.03482892917404306,0.012450091355148758,0.004930632074954445,1.0,0.0,1.0,0.0,9008426.744494554,462943929.9033783,263.8516666666667,0,0.0,0.0,1.5158245029548803e-16,168102.59718164842,139679.10214172248
257,0.4840000000000001,0.08889122566372903,0.08726821838838976,0.03482892917404306,0.012450091355148758,0.004930632074954445,1.0,0.0,1.0,0.0,9008426.744494554,462943929.9033783,263.8516666666667,0,0.0,0.0,1.5158245029548803e-16,167894.07545821366,139546.23005376032
258,0.4840000000000001,0.08889122566372903,0.08726821838838976,0.03482892917404306,0.012450091355148758,0.004930632074954445,1.0,0.0,1.0,0.0,9008426.744494554,462943929.9033783,263.8516666666667,0,0.0,0.0,1.8189894035458566e-16,168395.47445589464,139891.272079239
259,0.4840000000000001,0.08889122566372903,0.08726821838838976,0.03482892917404306,0.012450091355148758,0.004930632074954445,1.0,0.0,1.0,0.0,9008426.744494554,462943929.9033783,263.8516666666667,0,0.0,0.0,1.5158245029548803e-16,168151.6268555202,139728.75112771112
260,0.48460000000000003,0.08914963077134232,0.08706900082711883,0.034761092022720895,0.012788325117033005,0.005002087672412507,1.0,0.0,1.0,0.0,9008426.744494554,462943929.9033783,263.8516666666667,0,0.0,0.0,1.5158245029548803e-16,168696.02950659668,140089.6184889936
261,0.48460000000000003,0.08914963077134232,0.08706900082711883,0.034761092022720895,0.012788325117033005,0.005002087672412507,1.0,0.0,1.0,0.0,9008426.744494554,462943929.9033783,263.8516666666667,0,0.0,0.0,1.5158245029548803e-16,168419.69231625382,139907.33335002285
262,0.48460000000000003,0.08914963077134232,0.08706900082711883,0.034761092022720895,0.012788325117033005,0.005002087672412507,1.0,0.0,1.0,0.0,9008426.744494554,462924494.95129734,263.8516666666667,0,0.0,0.0,1.5158245029548803e-16,168515.49969037424,139968.8717570592
263,0.48460000000000003,0.08914963077134232,0.08706900082711883,0.034761092022720895,0.012788325117033005,0.005002087672412507,1.0,0.0,1.0,0.0,9008426.744494554,462924494.95129734,263.8516666666667,0,0.0,0.0,1.5158245029548803e-16,168293.27677312546,139814.59538678583
264,0.48460000000000003,0.08914963077134232,0.08706900082711883,0.034761092022720895,0.012788325117033005,0.005002087672412507,1.0,0.0,1.0,0.0,9008426.744494554,462924494.95129734,263.8516666666667,0,0.0,0.0,1.5158245029548803e-16,168236.0496171536,139785.25333712244
265,0.4850500000000001,0.08943063885865216,0.08668032351680077,0.03484092246363287,0.012730101532368802,0.004888508619126654,1.0,0.0,1.0,0.0,9008426.744494554,462924494.95129734,263.8516666666667,0,0.0,0.0,1.5158245029548803e-16,168549.98052308767,139994.14698818995
266,0.4850500000000001,0.08943063885865216,0.08668032351680077,0.03484092246363287,0.012730101532368802,0.004888508619126654,1.0,0.0,1.0,0.0,9008426.744494554,462924494.95129734,263.8516666666667,0,0.0,0.0,1.5158245029548803e-16,168584.5028781709,140016.21370756233
267,0.4850500000000001,0.08943063885865216,0.08668032351680077,0.03484092246363287,0.012730101532368802,0.004888508619126654,1.0,0.0,1.0,0.0,9008426.744494554,462924494.95129734,263.8516666666667,0,0.0,0.0,1.5158245029548803e-16,168703.63920033656,140081.93356472094
268,0.4850500000000001,0.08943063885865216,0.08668032351680077,0.03484092246363287,0.012730101532368802,0.004888508619126654,1.0,0.0,1.0,0.0,9008426.744494554,462924494.95129734,263.8516666666667,0,0.0,0.0,1.5158245029548803e-16,168993.35371399287,140273.3228095346
269,0.4850500000000001,0.08943063885865216,0.08668032351680077,0.03484092246363287,0.012730101532368802,0.004888508619126654,1.0,0.0,1.0,0.0,9008426.744494554,462924494.95129734,263.8516666666667,0,0.0,0.0,2.1221543041368325e-16,168838.7918674121,140164.43653992514
270,0.4856499999999999,0.08982020466836325,0.08645771022015489,0.03497654803709737,0.013374059751669432,0.0050391064769733035,1.0,0.0,1.0,0.0,9008426.744494554,462924494.95129734,263.8516666666667,0,0.0,0.0,2.1221543041368325e-16,168844.99033134844,140162.53418243755
271,0.4856499999999999,0.08982020466836325,0.08645771022015489,0.03497654803709737,0.013374059751669432,0.0050391064769733035,1.0,0.0,1.0,0.0,9008426.744494554,462763108.1760812,263.8516666666667,0,0.0,0.0,2.1221543041368325e-16,168978.0411142707,140245.36058051648
272,0.4856499999999999,0.08982020466836325,0.08645771022015489,0.03497654803709737,0.013374059751669432,0.0050391064769733035,1.0,0.0,1.0,0.0,9008426.744494554,462763108.1760812,263.8516666666667,0,0.0,0.0,2.1221543041368325e-16,168959.24949768296,140243.120812445
273,0.4856499999999999,0.08982020466836325,0.08645771022015489,0.03497654803709737,0.013374059751669432,0.0050391064769733035,1.0,0.0,1.0,0.0,9008426.744494554,462763108.1760812,263.8516666666667,0,0.0,0.0,1.5158245029548803e-16,168876.79938530343,140185.51061180336
274,0.4856499999999999,0.08982020466836325,0.08645771022015489,0.03497654803709737,0.013374059751669432,0.0050391064769733035,1.0,0.0,1.0,0.0,9008426.744494554,462763108.1760812,263.8516666666667,0,0.0,0.0,1.5158245029548803e-16,168802.76881476425,140142.67317226887
275,0.4860666666666667,0.08997589800731205,0.08624193463931057,0.034989993655047166,0.01383076192662786,0.0053119812251170686,1.0,0.0,1.0,0.0,9008426.744494554,462609000.63006765,263.8516666666667,0,0.0,0.0,9.094947017729283e-17,168972.6546153967,140239.49182586622
276,0.4860666666666667,0.08997589800731205,0.08624193463931057,0.034989993655047166,0.01383076192662786,0.0053119812251170686,1.0,0.0,1.0,0.0,9008426.744494554,462412919.40838975,263.8516666666667,0,0.0,0.0,9.094947017729283e-17,168874.6511030795,140184.77534375992
277,0.4860666666666667,0.08997589800731205,0.08624193463931057,0.034989993655047166,0.01383076192662786,0.0053119812251170686,1.0,0.0,1.0,0.0,9008426.744494554,462412919.40838975,263.8516666666667,0,0.0,0.0,9.094947017729283e-17,168247.54218113862,139769.3613544699
278,0.4860666666666667,0.08997589800731205,0.08624193463931057,0.034989993655047166,0.01383076192662786,0.0053119812251170686,1.0,0.0,1.0,0.0,9008426.744494554,462412919.40838975,263.8516666666667,0,0.0,0.0,9.094947017729283e-17,168108.90118403322,139679.69532953599
279,0.4860666666666667,0.08997589800731205,0.08624193463931057,0.034989993655047166,0.01383076192662786,0.0053119812251170686,1.0,0.0,1.0,0.0,9008426.744494554,462412919.40838975,263.8516666666667,0,0.0,0.0,9.094947017729283e-17,167612.8307946342,139344.7996980814
280,0.48633333333333334,0.09001049321545176,0.08594365626135254,0.03497352009373549,0.013272207988419802,0.005741402724572709,1.0,0.0,1.0,0.0,9008426.744494554,462412919.40838975,263.8516666666667,0,0.0,0.0,9.094947017729283e-17,167417.06407833833,139201.1644045473
281,0.48633333333333334,0.09001049321545176,0.08594365626135254,0.03497352009373549,0.013272207988419802,0.005741402724572709,1.0,0.0,1.0,0.0,9008426.744494554,462412919.40838975,263.8516666666667,0,0.0,0.0,9.094947017729283e-17,167381.45668834253,139178.38327671605
282,0.48633333333333334,0.09001049321545176,0.08594365626135254,0.03497352009373549,0.013272207988419802,0.005741402724572709,1.0,0.0,1.0,0.0,9008426.744494554,462317857.32365805,263.8516666666667,0,0.0,0.0,9.094947017729283e-17,167489.6234882833,139256.51730022195
283,0.48633333333333334,0.09001049321545176,0.08594365626135254,0.03497352009373549,0.013272207988419802,0.005741402724572709,1.0,0.0,1.0,0.0,9008426.744494554,462317857.32365805,263.8516666666667,0,0.0,0.0,1.2126596023639044e-16,167503.72251367653,139263.5586170019
284,0.48633333333333334,0.09001049321545176,0.08594365626135254,0.03497352009373549,0.013272207988419802,0.005741402724572709,1.0,0.0,1.0,0.0,9008426.744494554,462317857.32365805,263.8516666666667,0,0.0,0.0,1.2126596023639044e-16,167430.57688487487,139215.65600772016
285,0.48663333333333336,0.09008005081901073,0.08578674684619705,0.03499829794971827,0.013105849812954422,0.005763529828594432,1.0,0.0,1.0,0.0,9008426.744494554,462317857.32365805,263.8516666666667,0,0.0,0.0,9.094947017729283e-17,167299.3560109444,139128.6106953073
286,0.48663333333333336,0.09008005081901073,0.08578674684619705,0.03499829794971827,0.013105849812954422,0.005763529828594432,1.0,0.0,1.0,0.0,9008426.744494554,462317857.32365805,263.8516666666667,0,0.0,0.0,1.5158245029548803e-16,167611.42685642574,139349.50166728158
287,0.48663333333333336,0.09008005081901073,0.08578674684619705,0.03499829794971827,0.013105849812954422,0.005763529828594432,1.0,0.0,1.0,0.0,9008426.744494554,462317857.32365805,263.8516666666667,0,0.0,0.0,1.2126596023639044e-16,167999.42027322986,139594.71519509333
288,0.48663333333333336,0.09008005081901073,0.08578674684619705,0.03499829794971827,0.013105849812954422,0.005763529828594432,1.0,0.0,1.0,0.0,9008426.744494554,462317857.32365805,263.8516666666667,0,0.0,0.0,1.2126596023639044e-16,168271.69106773764,139780.9955007607
289,0.48663333333333336,0.09008005081901073,0.08578674684619705,0.03499829794971827,0.013105849812954422,0.005763529828594432,1.0,0.0,1.0,0.0,9008426.744494554,462317857.32365805,263.8516666666667,0,0.0,0.0,1.2126596023639044e-16,168426.69219598293,139886.01149505822
290,0.48725,0.09050430468583616,0.08573738763056732,0.034956127428774665,0.013054063050066704,0.005277696808388116,1.0,0.0,1.0,0.0,9008426.744494554,462317857.32365805,263.8516666666667,0,0.0,0.0,9.094947017729283e-17,168624.82122601333,140028.0276168936
291,0.48725,0.09050430468583616,0.08573738763056732,0.034956127428774665,0.013054063050066704,0.005277696808388116,1.0,0.0,1.0,0.0,9008426.744494554,462317857.32365805,263.8516666666667,0,0.0,0.0,9.094947017729283e-17,168503.35305396648,139926.89011385114
292,0.48725,0.09050430468583616,0.08573738763056732,0.034956127428774665,0.013054063050066704,0.005277696808388116,1.0,0.0,1.0,0.0,9008426.744494554,462317857.32365805,263.8516666666667,0,0.0,0.0,9.094947017729283e-17,168768.82530154038,140112.98011777998
293,0.48725,0.09050430468583616,0.08573738763056732,0.034956127428774665,0.013054063050066704,0.005277696808388116,1.0,0.0,1.0,0.0,9008426.744494554,462317857.32365805,263.8516666666667,0,0.0,0.0,9.094947017729283e-17,168614.1149536051,139999.61985179398
294,0.48725,0.09050430468583616,0.08573738763056732,0.034956127428774665,0.013054063050066704,0.005277696808388116,1.0,0.0,1.0,0.0,9008426.744494554,462317857.32365805,263.8516666666667,0,0.0,0.0,1.2126596023639044e-16,168476.9859365529,139906.66758030746
295,0.4876666666666667,0.09080788634376545,0.0856170320175735,0.035052270001366695,0.013067136745868077,0.005711265466197507,1.0,0.0,1.0,0.0,9008426.744494554,462317857.32365805,263.8516666666667,0,0.0,0.0,1.2126596023639044e-16,168361.7294217363,139824.2278655231
296,0.4876666666666667,0.09080788634376545,0.0856170320175735,0.035052270001366695,0.013067136745868077,0.005711265466197507,1.0,0.0,1.0,0.0,9008426.744494554,462317857.32365805,263.8516666666667,0,0.0,0.0,1.2126596023639044e-16,168695.48483879634,140057.64605802044
297,0.4876666666666667,0.09080788634376545,0.0856170320175735,0.035052270001366695,0.013067136745868077,0.005711265466197507,1.0,0.0,1.0,0.0,9008426.744494554,462317857.32365805,263.8516666666667,0,0.0,0.0,6.063298011819522e-17,168756.22857589682,140094.30447394768
298,0.4876666666666667,0.09080788634376545,0.0856170320175735,0.035052270001366695,0.013067136745868077,0.005711265466197507,1.0,0.0,1.0,0.0,9008426.744494554,462317857.32365805,263.8516666666667,0,0.0,0.0,3.031649005909761e-17,168745.17176227111,140087.20192898967
299,0.4876666666666667,0.09080788634376545,0.0856170320175735,0.035052270001366695,0.013067136745868077,0.005711265466197507,1.0,0.0,1.0,0.0,9008426.744494554,462317857.32365805,263.8516666666667,0,0.0,0.0,3.031649005909761e-17,168388.05426072163,139858.9706500424
300,0.4881333333333334,0.09082491704128089,0.08548577185279678,0.035167998078322084,0.013069974164859489,0.0055730921256210725,1.0,0.0,1.0,0.0,9008426.744494554,462317857.32365805,263.8516666666667,0,0.0,0.0,3.031649005909761e-17,167961.6351299723,139574.89928631936
301,0.4881333333333334,0.09082491704128089,0.08548577185279678,0.035167998078322084,0.013069974164859489,0.0055730921256210725,1.0,0.0,1.0,0.0,9008426.744494554,462317857.32365805,263.8516666666667,0,0.0,0.0,3.031649005909761e-17,167744.15807254647,139426.14150760608
302,0.4881333333333334,0.09082491704128089,0.08548577185279678,0.035167998078322084,0.013069974164859489,0.0055730921256210725,1.0,0.0,1.0,0.0,9008426.744494554,462317857.32365805,263.8516666666667,0,0.0,0.0,0.0,167475.3743677211,139264.64647266243
303,0.4881333333333334,0.09082491704128089,0.08548577185279678,0.035167998078322084,0.013069974164859489,0.0055730921256210725,1.0,0.0,1.0,0.0,9008426.744494554,462317857.32365805,263.8516666666667,0,0.0,0.0,0.0,168108.29049314169,139679.18861594808
304,0.4881333333333334,0.09082491704128089,0.08548577185279678,0.035167998078322084,0.013069974164859489,0.0055730921256210725,1.0,0.0,1.0,0.0,9008426.744494554,462317857.32365805,263.8516666666667,0,0.0,0.0,0.0,167909.07916585242,139557.45544516685
305,0.48873333333333335,0.09047197847338637,0.08518227216071901,0.03502647885867508,0.013399648243445892,0.005667023769890736,1.0,0.0,1.0,0.0,9008426.744494554,462317857.32365805,263.8516666666667,0,0.0,0.0,0.0,168182.5785929741,139749.3218257677
306,0.48873333333333335,0.09047197847338637,0.08518227216071901,0.03502647885867508,0.013399648243445892,0.005667023769890736,1.0,0.0,1.0,0.0,9008426.744494554,462317857.32365805,263.8516666666667,0,0.0,0.0,0.0,168089.22716793983,139687.89204668257
307,0.48873333333333335,0.09047197847338637,0.08518227216071901,0.03502647885867508,0.013399648243445892,0.005667023769890736,1.0,0.0,1.0,0.0,9008426.744494554,462317857.32365805,263.8516666666667,0,0.0,0.0,0.0,168092.82563703303,139685.39008158477
308,0.48873333333333335,0.09047197847338637,0.08518227216071901,0.03502647885867508,0.013399648243445892,0.005667023769890736,1.0,0.0,1.0,0.0,9008426.744494554,462317857.32365805,263.8516666666667,0,0.0,0.0,0.0,168205.01855209828,139751.90703662706
309,0.48873333333333335,0.09047197847338637,0.08518227216071901,0.03502647885867508,0.013399648243445892,0.005667023769890736,1.0,0.0,1.0,0.0,9008426.744494554,462317857.32365805,263.8516666666667,0,0.0,0.0,0.0,167710.01613140944,139425.17024196326
310,0.48895000000000005,0.09066461547924858,0.08500368841483992,0.03504826516918125,0.013112914027893299,0.005495372244844127,1.0,0.0,1.0,0.0,9008426.744494554,462317857.32365805,263.8516666666667,0,0.0,0.0,0.0,167593.72456357177,139346.59068661724
311,0.48895000000000005,0.09066461547924858,0.08500368841483992,0.03504826516918125,0.013112914027893299,0.005495372244844127,1.0,0.0,1.0,0.0,9008426.744494554,462317857.32365805,263.8516666666667,0,0.0,0.0,0.0,167590.40370809115,139344.5568635893
312,0.48895000000000005,0.09066461547924858,0.08500368841483992,0.03504826516918125,0.013112914027893299,0.005495372244844127,1.0,0.0,1.0,0.0,9008426.744494554,462317857.32365805,263.8516666666667,0,0.0,0.0,0.0,167647.2648059294,139381.22137736686
313,0.48895000000000005,0.09066461547924858,0.08500368841483992,0.03504826516918125,0.013112914027893299,0.005495372244844127,1.0,0.0,1.0,0.0,9008426.744494554,462317857.32365805,263.8516666666667,0,0.0,0.0,0.0,168025.47771522502,139606.9122414292
314,0.48895000000000005,0.09066461547924858,0.08500368841483992,0.03504826516918125,0.013112914027893299,0.005495372244844127,1.0,0.0,1.0,0.0,9008426.744494554,462317857.32365805,263.8516666666667,0,0.0,0.0,0.0,168477.35905893275,139898.8273869166
315,0.4898833333333334,0.0919791356172088,0.0847099043736163,0.03515507261470504,0.013400101715457007,0.0057128932688514525,1.0,0.0,1.0,0.0,9008426.744494554,462317857.32365805,263.8516666666667,0,0.0,0.0,0.0,168093.497929562,139647.53749061286
316,0.4898833333333334,0.0919791356172088,0.0847099043736163,0.03515507261470504,0.013400101715457007,0.0057128932688514525,1.0,0.0,1.0,0.0,9008426.744494554,462317857.32365805,263.8516666666667,0,0.0,0.0,3.031649005909761e-17,167823.24743304207,139466.10878565774
317,0.4898833333333334,0.0919791356172088,0.0847099043736163,0.03515507261470504,0.013400101715457007,0.0057128932688514525,1.0,0.0,1.0,0.0,9008426.744494554,462317857.32365805,263.8516666666667,0,0.0,0.0,9.094947017729283e-17,167737.02581731993,139429.10142044403
318,0.4898833333333334,0.0919791356172088,0.0847099043736163,0.03515507261470504,0.013400101715457007,0.0057128932688514525,1.0,0.0,1.0,0.0,9008426.744494554,462317857.32365805,263.8516666666667,0,0.0,0.0,9.094947017729283e-17,167875.79345532734,139513.8767708591
319,0.4898833333333334,0.0919791356172088,0.0847099043736163,0.03515507261470504,0.013400101715457007,0.0057128932688514525,1.0,0.0,1.0,0.0,9008426.744494554,461382370.3732916,263.8516666666667,0,0.0,0.0,9.094947017729283e-17,167950.23727033852,139542.61617749187
320,0.4903499999999999,0.09207443999286663,0.08443840546140201,0.03504267530587975,0.014318140791208014,0.0054899924943939745,1.0,0.0,1.0,0.0,9008426.744494554,461382370.3732916,263.8516666666667,0,0.0,0.0,3.031649005909761e-17,168072.97661464225,139626.2908936134
321,0.4903499999999999,0.09207443999286663,0.08443840546140201,0.03504267530587975,0.014318140791208014,0.0054899924943939745,1.0,0.0,1.0,0.0,9008426.744494554,461382370.3732916,263.8516666666667,0,0.0,0.0,3.031649005909761e-17,168219.60758323327,139731.1968511233
322,0.4903499999999999,0.09207443999286663,0.08443840546140201,0.03504267530587975,0.014318140791208014,0.0054899924943939745,1.0,0.0,1.0,0.0,9008426.744494554,461382370.3732916,263.8516666666667,0,0.0,0.0,0.0,168395.693170358,139846.15272614494
323,0.4903499999999999,0.09207443999286663,0.08443840546140201,0.03504267530587975,0.014318140791208014,0.0054899924943939745,1.0,0.0,1.0,0.0,9008426.744494554,461382370.3732916,263.8516666666667,0,0.0,0.0,0.0,168305.53070918468,139800.8630941185
324,0.4903499999999999,0.09207443999286663,0.08443840546140201,0.03504267530587975,0.014318140791208014,0.0054899924943939745,1.0,0.0,1.0,0.0,9008426.744494554,460398119.1752758,263.8516666666667,0,0.0,0.0,6.063298011819522e-17,168714.6350884164,140082.42386251068
325,0.4905166666666669,0.09208225338733239,0.08431854971675418,0.034976644216078524,0.013154891086528307,0.004214737097910491,1.0,0.0,1.0,0.0,9008426.744494554,460398119.1752758,263.8516666666667,0,0.0,0.0,6.063298011819522e-17,168663.98941326136,140034.8515779273
326,0.4905166666666669,0.09208225338733239,0.08431854971675418,0.034976644216078524,0.013154891086528307,0.004214737097910491,1.0,0.0,1.0,0.0,9008426.744494554,460398119.1752758,263.8516666666667,0,0.0,0.0,6.063298011819522e-17,168836.8116064361,140156.5960455807
327,0.4905166666666669,0.09208225338733239,0.08431854971675418,0.034976644216078524,0.013154891086528307,0.004214737097910491,1.0,0.0,1.0,0.0,9008426.744494554,460398119.1752758,263.8516666666667,0,0.0,0.0,6.063298011819522e-17,169006.73289387015,140263.57194682898
328,0.4905166666666669,0.09208225338733239,0.08431854971675418,0.034976644216078524,0.013154891086528307,0.004214737097910491,1.0,0.0,1.0,0.0,9008426.744494554,460398119.1752758,263.8516666666667,0,0.0,0.0,6.063298011819522e-17,168227.45563855532,139749.66988480935
329,0.4905166666666669,0.09208225338733239,0.08431854971675418,0.034976644216078524,0.013154891086528307,0.004214737097910491,1.0,0.0,1.0,0.0,9008426.744494554,460398119.1752758,263.8516666666667,0,0.0,0.0,6.063298011819522e-17,168331.5702094051,139815.18810572397
330,0.4908666666666666,0.09164768894461489,0.08411840066899857,0.034861620188856836,0.012625006211122626,0.004707387204009019,1.0,0.0,1.0,0.0,9008426.744494554,460398119.1752758,263.8516666666667,0,0.0,0.0,0.0,168135.48312798273,139689.03983812084
331,0.4908666666666666,0.09164768894461489,0.08411840066899857,0.034861620188856836,0.012625006211122626,0.004707387204009019,1.0,0.0,1.0,0.0,9042743.977148496,460398119.1752758,263.8516666666667,0,0.0,0.0,0.0,167910.06965841385,139529.06389997262
332,0.4908666666666666,0.09164768894461489,0.08411840066899857,0.034861620188856836,0.012625006211122626,0.004707387204009019,1.0,0.0,1.0,0.0,9042743.977148496,460398119.1752758,263.8516666666667,0,0.0,0.0,0.0,168035.24419522978,139611.18187899535
333,0.4908666666666666,0.09164768894461489,0.08411840066899857,0.034861620188856836,0.012625006211122626,0.004707387204009019,1.0,0.0,1.0,0.0,9042743.977148496,460398119.1752758,262.60166666666663,0,0.0,0.0,0.0,168404.54531218074,139860.19930237366
334,0.4908666666666666,0.09164768894461489,0.08411840066899857,0.034861620188856836,0.012625006211122626,0.004707387204009019,1.0,0.0,1.0,0.0,9042743.977148496,460398119.1752758,262.60166666666663,0,0.0,0.0,0.0,168187.2159812936,139691.66857315914
335,0.4911,0.09141383921485849,0.08393626100028913,0.03479401137242068,0.013000378829999245,0.0046150680583612,1.0,0.0,1.0,0.0,9042743.977148496,460398119.1752758,262.60166666666663,0,0.0,0.0,0.0,168267.46502535965,139741.93440094433
336,0.4911,0.09141383921485849,0.08393626100028913,0.03479401137242068,0.013000378829999245,0.0046150680583612,1.0,0.0,1.0,0.0,9042743.977148496,460398119.1752758,262.60166666666663,0,0.0,0.0,0.0,167898.349199314,139492.33331787243
337,0.4911,0.09141383921485849,0.08393626100028913,0.03479401137242068,0.013000378829999245,0.0046150680583612,1.0,0.0,1.0,0.0,9042743.977148496,460398119.1752758,262.60166666666663,0,0.0,0.0,0.0,167917.32861207807,139515.65830236988
338,0.4911,0.09141383921485849,0.08393626100028913,0.03479401137242068,0.013000378829999245,0.0046150680583612,1.0,0.0,1.0,0.0,9042743.977148496,460398119.1752758,262.60166666666663,0,0.0,0.0,0.0,168089.98058100473,139629.55162038046
339,0.4911,0.09141383921485849,0.08393626100028913,0.03479401137242068,0.013000378829999245,0.0046150680583612,1.0,0.0,1.0,0.0,9042743.977148496,460398119.1752758,262.60166666666663,0,0.0,0.0,0.0,168289.07441317226,139771.27705223032
340,0.49625,0.09056496287196279,0.08187685908780239,0.034629431581192825,0.015325912962420436,0.007537465301138828,1.0,0.0,1.0,0.0,9042743.977148496,460398119.1752758,262.60166666666663,0,0.0,0.0,0.0,167824.9032885533,139466.4007945241
341,0.49625,0.09056496287196279,0.08187685908780239,0.034629431581192825,0.015325912962420436,0.007537465301138828,1.0,0.0,1.0,0.0,9042743.977148496,460398119.1752758,262.60166666666663,0,0.0,0.0,0.0,167384.11104619777,139178.50549873724
342,0.49625,0.09056496287196279,0.08187685908780239,0.034629431581192825,0.015325912962420436,0.007537465301138828,1.0,0.0,1.0,0.0,9042743.977148496,460398119.1752758,262.60166666666663,0,0.0,0.0,0.0,167610.88423078918,139353.4463001057
343,0.49625,0.09056496287196279,0.08187685908780239,0.034629431581192825,0.015325912962420436,0.007537465301138828,1.0,0.0,1.0,0.0,9042743.977148496,460398119.1752758,262.60166666666663,0,0.0,0.0,0.0,167331.14547408913,139168.08950593535
344,0.49625,0.09056496287196279,0.08187685908780239,0.034629431581192825,0.015325912962420436,0.007537465301138828,1.0,0.0,1.0,0.0,9042743.977148496,460398119.1752758,262.60166666666663,0,0.0,0.0,0.0,167519.91945621494,139289.80376342355
345,0.4961999999999999,0.09065710121110204,0.08174097513243497,0.034479244490872585,0.013879225435217336,0.0062362862386107845,1.0,0.0,1.0,0.0,9042743.977148496,460398119.1752758,262.60166666666663,0,0.0,0.0,0.0,167662.88880949453,139398.87684641514
346,0.4961999999999999,0.09065710121110204,0.08174097513243497,0.034479244490872585,0.013879225435217336,0.0062362862386107845,1.0,0.0,1.0,0.0,9042743.977148496,460398119.1752758,262.60166666666663,0,0.0,0.0,0.0,167834.47328241248,139501.6404023137
347,0.4961999999999999,0.09065710121110204,0.08174097513243497,0.034479244490872585,0.013879225435217336,0.0062362862386107845,1.0,0.0,1.0,0.0,9042743.977148496,460398119.1752758,262.60166666666663,0,0.0,0.0,0.0,167698.63530356434,139406.21803604747
348,0.4961999999999999,0.09065710121110204,0.08174097513243497,0.034479244490872585,0.013879225435217336,0.0062362862386107845,1.0,0.0,1.0,0.0,9042743.977148496,460398119.1752758,262.60166666666663,0,0.0,0.0,0.0,167389.07295638742,139185.8901300954
349,0.4961999999999999,0.09065710121110204,0.08174097513243497,0.034479244490872585,0.013879225435217336,0.0062362862386107845,1.0,0.0,1.0,0.0,9042743.977148496,460398119.1752758,262.60166666666663,0,0.0,0.0,3.031649005909761e-17,167508.14642630398,139244.18043176582
350,0.49659999999999993,0.09058977131369009,0.08146509263056094,0.03437866773698493,0.014827480473284712,0.008141855850663352,1.0,0.0,1.0,0.0,9042743.977148496,460398119.1752758,262.60166666666663,0,0.0,0.0,3.031649005909761e-17,167500.65317747125,139247.1674832284
351,0.49659999999999993,0.09058977131369009,0.08146509263056094,0.03437866773698493,0.014827480473284712,0.008141855850663352,1.0,0.0,1.0,0.0,9042743.977148496,460398119.1752758,262.60166666666663,0,0.0,0.0,3.031649005909761e-17,167877.5434339621,139512.4123525104
352,0.49659999999999993,0.09058977131369009,0.08146509263056094,0.03437866773698493,0.014827480473284712,0.008141855850663352,1.0,0.0,1.0,0.0,9042743.977148496,460398119.1752758,262.60166666666663,0,0.0,0.0,3.031649005909761e-17,167524.00027806638,139276.91435812638
353,0.49659999999999993,0.09058977131369009,0.08146509263056094,0.03437866773698493,0.014827480473284712,0.008141855850663352,1.0,0.0,1.0,0.0,9042743.977148496,460398119.1752758,262.60166666666663,0,0.0,0.0,3.031649005909761e-17,167497.35660206294,139256.51325981435
354,0.49659999999999993,0.09058977131369009,0.08146509263056094,0.03437866773698493,0.014827480473284712,0.008141855850663352,1.0,0.0,1.0,0.0,9042743.977148496,460398119.1752758,262.60166666666663,0,0.0,0.0,9.094947017729283e-17,167268.72346260436,139107.61073382042
355,0.4972166666666667,0.09074384123576774,0.08123825189845162,0.034342869157098194,0.014556137726795064,0.006748050114713682,1.0,0.0,1.0,0.0,9042743.977148496,460398119.1752758,262.60166666666663,0,0.0,0.0,9.094947017729283e-17,166810.71273748757,138809.8809120811
356,0.4972166666666667,0.09074384123576774,0.08123825189845162,0.034342869157098194,0.014556137726795064,0.006748050114713682,1.0,0.0,1.0,0.0,9042743.977148496,460398119.1752758,262.60166666666663,0,0.0,0.0,9.094947017729283e-17,166676.8655018752,138715.02391843
357,0.4972166666666667,0.09074384123576774,0.08123825189845162,0.034342869157098194,0.014556137726795064,0.006748050114713682,1.0,0.0,1.0,0.0,9042743.977148496,460398119.1752758,262.60166666666663,0,0.0,0.0,9.094947017729283e-17,166892.89293973384,138873.27855901144
358,0.4972166666666667,0.09074384123576774,0.08123825189845162,0.034342869157098194,0.014556137726795064,0.006748050114713682,1.0,0.0,1.0,0.0,9042743.977148496,460398119.1752758,262.60166666666663,0,0.0,0.0,9.094947017729283e-17,166532.74073358596,138640.78842313608
359,0.4972166666666667,0.09074384123576774,0.08123825189845162,0.034342869157098194,0.014556137726795064,0.006748050114713682,1.0,0.0,1.0,0.0,9042743.977148496,460398119.1752758,262.60166666666663,0,0.0,0.0,9.094947017729283e-17,166580.7214725443,138669.7617280207
360,0.49753333333333327,0.09109042515849597,0.08119316840783244,0.034368969676786564,0.014051358049674962,0.006376093887053081,1.0,0.0,1.0,0.0,9042743.977148496,460398119.1752758,262.60166666666663,0,0.0,0.0,9.094947017729283e-17,166368.95895277397,138519.08050621834
361,0.49753333333333327,0.09109042515849597,0.08119316840783244,0.034368969676786564,0.014051358049674962,0.006376093887053081,1.0,0.0,1.0,0.0,9042743.977148496,460398119.1752758,262.60166666666663,0,0.0,0.0,9.094947017729283e-17,166710.68393040204,138758.71975994678
362,0.49753333333333327,0.09109042515849597,0.08119316840783244,0.034368969676786564,0.014051358049674962,0.006376093887053081,1.0,0.0,1.0,0.0,9042743.977148496,460398119.1752758,262.60166666666663,0,0.0,0.0,9.094947017729283e-17,166807.81386543866,138824.88214345087
363,0.49753333333333327,0.09109042515849597,0.08119316840783244,0.034368969676786564,0.014051358049674962,0.006376093887053081,1.0,0.0,1.0,0.0,9042743.977148496,460398119.1752758,262.60166666666663,0,0.0,0.0,3.031649005909761e-17,166422.97894005908,138562.83791053426
364,0.49753333333333327,0.09109042515849597,0.08119316840783244,0.034368969676786564,0.014051358049674962,0.006376093887053081,1.0,0.0,1.0,0.0,9042743.977148496,460398119.1752758,262.60166666666663,0,0.0,0.0,6.063298011819522e-17,166087.23008422612,138335.90107441403
365,0.49848333333333333,0.09197857389389963,0.08094782461926749,0.03442622557671309,0.013893220618782572,0.005096784726159632,1.0,0.0,1.0,0.0,9042743.977148496,460398119.1752758,262.60166666666663,0,0.0,0.0,6.063298011819522e-17,166122.68410512185,138365.42171747357
366,0.49848333333333333,0.09197857389389963,0.08094782461926749,0.03442622557671309,0.013893220618782572,0.005096784726159632,1.0,0.0,1.0,0.0,9042743.977148496,460398119.1752758,262.60166666666663,0,0.0,0.0,6.063298011819522e-17,166194.65581802075,138416.74743046946
367,0.49848333333333333,0.09197857389389963,0.08094782461926749,0.03442622557671309,0.013893220618782572,0.005096784726159632,1.0,0.0,1.0,0.0,9042743.977148496,460398119.1752758,262.60166666666663,0,0.0,0.0,6.063298011819522e-17,166289.17891394894,138476.7380490468
368,0.49848333333333333,0.09197857389389963,0.08094782461926749,0.03442622557671309,0.013893220618782572,0.005096784726159632,1.0,0.0,1.0,0.0,9042743.977148496,460398119.1752758,262.60166666666663,0,0.0,0.0,6.063298011819522e-17,166589.19142115142,138704.50354655276
369,0.49848333333333333,0.09197857389389963,0.08094782461926749,0.03442622557671309,0.013893220618782572,0.005096784726159632,1.0,0.0,1.0,0.0,9042743.977148496,460398119.1752758,262.60166666666663,0,0.0,0.0,6.063298011819522e-17,166121.25940554548,138391.3286355563
370,0.49893333333333345,0.09239766711821726,0.08081985659259856,0.03444224694442332,0.013592827577906674,0.00462432933750634,1.0,0.0,1.0,0.0,9000491.291726429,460398119.1752758,262.60166666666663,0,0.0,0.0,6.063298011819522e-17,166188.67179072363,138435.8218797016
371,0.49893333333333345,0.09239766711821726,0.08081985659259856,0.03444224694442332,0.013592827577906674,0.00462432933750634,1.0,0.0,1.0,0.0,9000491.291726429,460398119.1752758,262.60166666666663,0,0.0,0.0,6.063298011819522e-17,166100.18956887198,138363.30610978513
372,0.49893333333333345,0.09239766711821726,0.08081985659259856,0.03444224694442332,0.013592827577906674,0.00462432933750634,1.0,0.0,1.0,0.0,9000491.291726429,460398119.1752758,262.60166666666663,0,0.0,0.0,1.2126596023639044e-16,166380.63733601192,138554.53589288873
373,0.49893333333333345,0.09239766711821726,0.08081985659259856,0.03444224694442332,0.013592827577906674,0.00462432933750634,1.0,0.0,1.0,0.0,9000491.291726429,460398119.1752758,262.60166666666663,0,0.0,0.0,1.5158245029548803e-16,166553.55406881133,138674.78156060138
374,0.49893333333333345,0.09239766711821726,0.08081985659259856,0.03444224694442332,0.013592827577906674,0.00462432933750634,1.0,0.0,1.0,0.0,9000491.291726429,460398119.1752758,262.60166666666663,0,0.0,0.0,1.5158245029548803e-16,166683.25818916727,138770.95244859846
375,0.49946666666666656,0.09263637994270334,0.08063764070873854,0.03446424962146365,0.013442468045330518,0.005351162992080874,1.0,0.0,1.0,0.0,9000491.291726429,460398119.1752758,262.60166666666663,0,0.0,0.0,1.5158245029548803e-16,166741.24789243966,138813.75006266663
376,0.49946666666666656,0.09263637994270334,0.08063764070873854,0.03446424962146365,0.013442468045330518,0.005351162992080874,1.0,0.0,1.0,0.0,9000491.291726429,460398119.1752758,262.60166666666663,0,0.0,0.0,1.8189894035458566e-16,166982.4641892845,138982.92703729618
377,0.49946666666666656,0.09263637994270334,0.08063764070873854,0.03446424962146365,0.013442468045330518,0.005351162992080874,1.0,0.0,1.0,0.0,9000491.291726429,460398119.1752758,262.60166666666663,0,0.0,0.0,1.8189894035458566e-16,167091.5233495183,139061.66456969242
378,0.49946666666666656,0.09263637994270334,0.08063764070873854,0.03446424962146365,0.013442468045330518,0.005351162992080874,1.0,0.0,1.0,0.0,9000491.291726429,460398119.1752758,262.60166666666663,0,0.0,0.0,1.8189894035458566e-16,167199.15961949513,139132.0062899445
379,0.49946666666666656,0.09263637994270334,0.08063764070873854,0.03446424962146365,0.013442468045330518,0.005351162992080874,1.0,0.0,1.0,0.0,9000491.291726429,460398119.1752758,262.60166666666663,0,0.0,0.0,1.8189894035458566e-16,167170.43490664675,139117.59878952955
380,0.49993333333333323,0.09273643057372628,0.08048398677335654,0.03448068019695227,0.013244757647212028,0.0052546237391223,1.0,0.0,1.0,0.0,9000491.291726429,460398119.1752758,262.60166666666663,0,0.0,0.0,1.8189894035458566e-16,167328.24146330074,139222.5159411569
381,0.49993333333333323,0.09273643057372628,0.08048398677335654,0.03448068019695227,0.013244757647212028,0.0052546237391223,1.0,0.0,1.0,0.0,9000491.291726429,460398119.1752758,262.60166666666663,0,0.0,0.0,1.2126596023639044e-16,167440.05022983803,139298.80013329344
382,0.49993333333333323,0.09273643057372628,0.08048398677335654,0.03448068019695227,0.013244757647212028,0.0052546237391223,1.0,0.0,1.0,0.0,9000491.291726429,460398119.1752758,262.60166666666663,0,0.0,0.0,1.2126596023639044e-16,167397.69927996353,139264.76819117504
383,0.49993333333333323,0.09273643057372628,0.08048398677335654,0.03448068019695227,0.013244757647212028,0.0052546237391223,1.0,0.0,1.0,0.0,9000491.291726429,460398119.1752758,262.60166666666663,0,0.0,0.0,1.2126596023639044e-16,167262.47177807929,139164.73261841186
384,0.49993333333333323,0.09273643057372628,0.08048398677335654,0.03448068019695227,0.013244757647212028,0.0052546237391223,1.0,0.0,1.0,0.0,9000491.291726429,460398119.1752758,262.60166666666663,0,0.0,0.0,9.094947017729283e-17,167505.864619913,139323.58428960008
385,0.5007166666666666,0.09301708475089698,0.0804577288865188,0.03452675428174123,0.0129081760474789,0.004773665411560424,1.0,0.0,1.0,0.0,9000491.291726429,460398119.1752758,262.60166666666663,0,0.0,0.0,9.094947017729283e-17,167501.75081779572,139329.4554577685
386,0.5007166666666666,0.09301708475089698,0.0804577288865188,0.03452675428174123,0.0129081760474789,0.004773665411560424,1.0,0.0,1.0,0.0,9000491.291726429,460398119.1752758,262.60166666666663,0,0.0,0.0,1.2126596023639044e-16,167576.63712159914,139394.90560078627
387,0.5007166666666666,0.09301708475089698,0.0804577288865188,0.03452675428174123,0.0129081760474789,0.004773665411560424,1.0,0.0,1.0,0.0,9000491.291726429,460398119.1752758,262.60166666666663,0,0.0,0.0,1.2126596023639044e-16,167511.34576327525,139338.17261804355
388,0.5007166666666666,0.09301708475089698,0.0804577288865188,0.03452675428174123,0.0129081760474789,0.004773665411560424,1.0,0.0,1.0,0.0,9000491.291726429,460398119.1752758,262.60166666666663,0,0.0,0.0,1.2126596023639044e-16,167411.00616339626,139279.48167417824
389,0.5007166666666666,0.09301708475089698,0.0804577288865188,0.03452675428174123,0.0129081760474789,0.004773665411560424,1.0,0.0,1.0,0.0,9000491.291726429,460385903.4627298,262.60166666666663,0,0.0,0.0,9.094947017729283e-17,167264.62128102753,139199.42733668332
390,0.50145,0.09343735423622967,0.08007973499587767,0.03463491341204984,0.012770610894970842,0.004012855093203829,1.0,0.0,1.0,0.0,9000491.291726429,460385903.4627298,262.60166666666663,0,0.0,0.0,9.094947017729283e-17,167149.05322397497,139134.2786929622
391,0.50145,0.09343735423622967,0.08007973499587767,0.03463491341204984,0.012770610894970842,0.004012855093203829,1.0,0.0,1.0,0.0,9000491.291726429,460385903.4627298,262.60166666666663,0,0.0,0.0,1.2126596023639044e-16,167590.1008417284,139429.47048053532
392,0.50145,0.09343735423622967,0.08007973499587767,0.03463491341204984,0.012770610894970842,0.004012855093203829,1.0,0.0,1.0,0.0,9000491.291726429,460385903.4627298,262.60166666666663,0,0.0,0.0,1.5158245029548803e-16,167655.43127748804,139472.8443019345
393,0.50145,0.09343735423622967,0.08007973499587767,0.03463491341204984,0.012770610894970842,0.004012855093203829,1.0,0.0,1.0,0.0,8992366.542165946,460385903.4627298,262.60166666666663,0,0.0,0.0,1.5158245029548803e-16,167436.7299021352,139323.6642342011
394,0.50145,0.09343735423622967,0.08007973499587767,0.03463491341204984,0.012770610894970842,0.004012855093203829,1.0,0.0,1.0,0.0,8992366.542165946,460385903.4627298,262.60166666666663,0,0.0,0.0,1.5158245029548803e-16,167265.41430477236,139211.96910306977
395,0.5017,0.09359261010713756,0.08009657971061063,0.03466562485662152,0.012535533283119349,0.004598319763864362,1.0,0.0,1.0,0.0,8992366.542165946,460385903.4627298,262.60166666666663,0,0.0,0.0,1.5158245029548803e-16,167455.44083271018,139329.46010142614
396,0.5017,0.09359261010713756,0.08009657971061063,0.03466562485662152,0.012535533283119349,0.004598319763864362,1.0,0.0,1.0,0.0,8992366.542165946,460385903.4627298,262.60166666666663,0,0.0,0.0,1.5158245029548803e-16,167417.32093631112,139321.35728963668
397,0.5017,0.09359261010713756,0.08009657971061063,0.03466562485662152,0.012535533283119349,0.004598319763864362,1.0,0.0,1.0,0.0,8980358.51100055,460385903.4627298,262.60166666666663,0,0.0,0.0,1.5158245029548803e-16,167262.049455071,139228.40377612232
398,0.5017,0.09359261010713756,0.08009657971061063,0.03466562485662152,0.012535533283119349,0.004598319763864362,1.0,0.0,1.0,0.0,8980358.51100055,460385903.4627298,262.60166666666663,0,0.0,0.0,1.5158245029548803e-16,167403.33798805755,139313.0197865181
399,0.5017,0.09359261010713756,0.08009657971061063,0.03466562485662152,0.012535533283119349,0.004598319763864362,1.0,0.0,1.0,0.0,8980358.51100055,460385903.4627298,262.60166666666663,0,0.0,0.0,1.5158245029548803e-16,167420.59379972512,139318.13730641882
