generation,HV_norm_mean,HV_norm_std,IGD_plus_mean,IGD_plus_std,Spacing_mean,Spacing_std,FeasRatio_soft_mean,FeasRatio_soft_std,FeasRatio_strict_mean,FeasRatio_strict_std,MinCost_bestrun,MinEmission_gCO2_bestrun,MinTime_h_bestrun,boost_triggered_bestrun,vio_miss_alloc_mean,vio_miss_tt_mean,vio_cap_excess_mean,vio_late_teu_h_mean,vio_wait_teu_h_mean
0,0.0,0.0,inf,,0.0,0.0,0.0010666666666666667,0.0027194770739161506,0.0010666666666666667,0.0027194770739161506,57940948.408524804,1902313186.4619925,593.9900000000001,1,0.0,0.0,2229.2989994544237,341299.14710707776,318622.842343728
1,0.0,0.0,inf,,0.0,0.0,0.00986666666666667,0.015823470612423257,0.00986666666666667,0.015823470612423257,57940948.408524804,1902313186.4619925,593.9900000000001,1,0.0,0.0,564.7208545296779,543741.7213693483,448627.1595358473
2,0.0,0.0,inf,,0.0,0.0,0.06480000000000002,0.0685499331387955,0.06480000000000002,0.0685499331387955,57940948.408524804,1902313186.4619925,593.9900000000001,1,0.0,0.0,295.4609189579692,586986.4975463379,477030.63647800067
3,0.0,0.0,inf,,0.0,0.0,0.2514666666666668,0.1827515131416305,0.2514666666666668,0.1827515131416305,53119347.37774836,1628409228.1149309,516.045,0,0.0,0.0,117.47816846803434,622020.9173392124,499779.3646437031
4,0.0,0.0,inf,,0.0,0.0,0.5997333333333333,0.2656070949520906,0.5997333333333333,0.2656070949520906,53119347.37774836,1548200995.6766682,516.045,0,0.0,0.0,28.9681099864719,643723.873337622,513202.31472401257
5,0.003533333333333333,0.005357134391527703,1.1295844380354616,0.12720081909324335,0.04400857011963843,0.012164403074416887,0.9309333333333335,0.1473605404743376,0.9309333333333335,0.1473605404743376,53119347.37774836,1531397430.344584,516.045,0,0.0,0.0,3.345372370001115,653811.097850373,518172.82108510024
6,0.003533333333333333,0.005357134391527703,1.1295844380354616,0.12720081909324335,0.04400857011963843,0.012164403074416887,0.9890666666666666,0.05887780189133723,0.9890666666666666,0.05887780189133723,52584801.38789161,1531397430.344584,516.045,0,0.0,0.0,0.2829524912881079,647542.2596914853,511775.83499213017
7,0.003533333333333333,0.005357134391527703,1.1295844380354616,0.12720081909324335,0.04400857011963843,0.012164403074416887,1.0,0.0,1.0,0.0,52316884.399410345,1466192641.3605587,516.045,0,0.0,0.0,0.0,643646.2286011291,507894.7829848087
8,0.003533333333333333,0.005357134391527703,1.1295844380354616,0.12720081909324335,0.04400857011963843,0.012164403074416887,1.0,0.0,1.0,0.0,51938024.57838308,1441249157.1103125,467.83142857142855,0,0.0,0.0,0.0,640914.113733695,505042.0397735836
9,0.003533333333333333,0.005357134391527703,1.1295844380354616,0.12720081909324335,0.04400857011963843,0.012164403074416887,1.0,0.0,1.0,0.0,51938024.57838308,1390711327.7670016,467.83142857142855,0,0.0,0.0,0.0,638637.09854396,502365.8650262297
10,0.036683333333333325,0.024676062399733786,0.85714777078923,0.13240015409032113,0.039390281341301916,0.012808558330591127,1.0,0.0,1.0,0.0,51070436.89940154,1390711327.7670016,467.83142857142855,0,0.0,0.0,0.0,634579.363734788,499090.5906509677
11,0.036683333333333325,0.024676062399733786,0.85714777078923,0.13240015409032113,0.039390281341301916,0.012808558330591127,1.0,0.0,1.0,0.0,51070436.89940154,1386878788.4709558,467.83142857142855,0,0.0,0.0,0.0,631947.1863834856,497112.2414219584
12,0.036683333333333325,0.024676062399733786,0.85714777078923,0.13240015409032113,0.039390281341301916,0.012808558330591127,1.0,0.0,1.0,0.0,49373961.06482356,1364607497.8113883,467.83142857142855,0,0.0,0.0,0.0,631357.0726088992,496437.0145401579
13,0.036683333333333325,0.024676062399733786,0.85714777078923,0.13240015409032113,0.039390281341301916,0.012808558330591127,1.0,0.0,1.0,0.0,49373961.06482356,1361381700.194133,467.83142857142855,0,0.0,0.0,0.0,627049.455714304,493104.08941363485
14,0.036683333333333325,0.024676062399733786,0.85714777078923,0.13240015409032113,0.039390281341301916,0.012808558330591127,1.0,0.0,1.0,0.0,48366615.668696046,1299373774.1393907,467.83142857142855,0,0.0,0.0,0.0,626946.2339966336,492612.0104564338
15,0.07871666666666667,0.03665121265236512,0.7056764678244183,0.12397212599773741,0.03367905115590268,0.008660200624175435,1.0,0.0,1.0,0.0,48217051.93851935,1275296937.662488,467.83142857142855,0,0.0,0.0,0.0,625088.211585108,490774.65348478564
16,0.07871666666666667,0.03665121265236512,0.7056764678244183,0.12397212599773741,0.03367905115590268,0.008660200624175435,1.0,0.0,1.0,0.0,48132517.049266554,1246569995.5261142,467.83142857142855,0,0.0,0.0,0.0,624384.2869559111,489717.9180787605
17,0.07871666666666667,0.03665121265236512,0.7056764678244183,0.12397212599773741,0.03367905115590268,0.008660200624175435,1.0,0.0,1.0,0.0,48132517.049266554,1246569995.5261142,467.83142857142855,0,0.0,0.0,0.0,623856.7139626902,489001.1486882426
18,0.07871666666666667,0.03665121265236512,0.7056764678244183,0.12397212599773741,0.03367905115590268,0.008660200624175435,1.0,0.0,1.0,0.0,48132517.049266554,1246569995.5261142,467.83142857142855,0,0.0,0.0,0.0,623318.897479932,488435.4299562735
19,0.07871666666666667,0.03665121265236512,0.7056764678244183,0.12397212599773741,0.03367905115590268,0.008660200624175435,1.0,0.0,1.0,0.0,47986585.596292704,1246569995.5261142,467.83142857142855,0,0.0,0.0,0.0,625089.0743137388,489539.15239194885
20,0.11925,0.04367774986573064,0.6018343090999976,0.11177862131610375,0.03587280486856607,0.010487352588704878,1.0,0.0,1.0,0.0,47902540.33501957,1246569995.5261142,467.83142857142855,0,0.0,0.0,0.0,623176.291935906,488065.6857616663
21,0.11925,0.04367774986573064,0.6018343090999976,0.11177862131610375,0.03587280486856607,0.010487352588704878,1.0,0.0,1.0,0.0,47902540.33501957,1242790499.6509254,467.83142857142855,0,0.0,0.0,0.0,620733.5377669476,486386.64483140875
22,0.11925,0.04367774986573064,0.6018343090999976,0.11177862131610375,0.03587280486856607,0.010487352588704878,1.0,0.0,1.0,0.0,46658458.53026227,1211703593.575488,467.83142857142855,0,0.0,0.0,0.0,617115.7887811747,483668.4936862736
23,0.11925,0.04367774986573064,0.6018343090999976,0.11177862131610375,0.03587280486856607,0.010487352588704878,1.0,0.0,1.0,0.0,46658458.53026227,1211703593.575488,467.83142857142855,0,0.0,0.0,0.0,614900.1805647734,482274.2205477338
24,0.11925,0.04367774986573064,0.6018343090999976,0.11177862131610375,0.03587280486856607,0.010487352588704878,1.0,0.0,1.0,0.0,46380360.95882781,1211703593.575488,467.83142857142855,0,0.0,0.0,0.0,614139.6490266921,481823.0341180634
25,0.14911666666666662,0.04684845841172957,0.5322609682477911,0.09643296143534129,0.027503603501471078,0.00954973626834407,1.0,0.0,1.0,0.0,46380360.95882781,1211703593.575488,467.83142857142855,0,0.0,0.0,0.0,612795.5467589303,480967.30487979896
26,0.14911666666666662,0.04684845841172957,0.5322609682477911,0.09643296143534129,0.027503603501471078,0.00954973626834407,1.0,0.0,1.0,0.0,46380360.95882781,1211703593.575488,467.83142857142855,0,0.0,0.0,0.0,610707.6706962681,479326.95387554966
27,0.14911666666666662,0.04684845841172957,0.5322609682477911,0.09643296143534129,0.027503603501471078,0.00954973626834407,1.0,0.0,1.0,0.0,46259730.53343885,1211703593.575488,467.83142857142855,0,0.0,0.0,0.0,611083.4441768284,479470.8619531653
28,0.14911666666666662,0.04684845841172957,0.5322609682477911,0.09643296143534129,0.027503603501471078,0.00954973626834407,1.0,0.0,1.0,0.0,46013345.152285755,1208605515.8401902,467.83142857142855,0,0.0,0.0,0.0,610054.8409218874,478684.3571347331
29,0.14911666666666662,0.04684845841172957,0.5322609682477911,0.09643296143534129,0.027503603501471078,0.00954973626834407,1.0,0.0,1.0,0.0,44777309.44236138,1174846462.8422742,467.83142857142855,0,0.0,0.0,0.0,609899.425299477,478623.8045205769
30,0.17605,0.05320970306250544,0.48297089372822927,0.09707033893526686,0.02693449096006405,0.008486276205253614,1.0,0.0,1.0,0.0,44737951.485608675,1174846462.8422742,467.83142857142855,0,0.0,0.0,0.0,610229.5477634344,478866.88275088376
31,0.17605,0.05320970306250544,0.48297089372822927,0.09707033893526686,0.02693449096006405,0.008486276205253614,1.0,0.0,1.0,0.0,44653504.38928066,1174846462.8422742,467.83142857142855,0,0.0,0.0,0.0,609976.5237448537,478830.65574658825
32,0.17605,0.05320970306250544,0.48297089372822927,0.09707033893526686,0.02693449096006405,0.008486276205253614,1.0,0.0,1.0,0.0,44653504.38928066,1174846462.8422742,467.83142857142855,0,0.0,0.0,0.0,608076.1748843527,477511.4320325882
33,0.17605,0.05320970306250544,0.48297089372822927,0.09707033893526686,0.02693449096006405,0.008486276205253614,1.0,0.0,1.0,0.0,44653504.38928066,1174846462.8422742,467.83142857142855,0,0.0,0.0,0.0,608939.5036317625,477908.96229071834
34,0.17605,0.05320970306250544,0.48297089372822927,0.09707033893526686,0.02693449096006405,0.008486276205253614,1.0,0.0,1.0,0.0,44653504.38928066,1174846462.8422742,465.19714285714286,0,0.0,0.0,0.0,607089.0909988161,476653.94536641444
35,0.20218333333333335,0.05985781532561605,0.44619333385760646,0.09291009272237653,0.02686857635870416,0.012531104708582956,1.0,0.0,1.0,0.0,44653504.38928066,1148200047.2881258,465.19714285714286,0,0.0,0.0,0.0,608734.7581239227,477656.135179934
36,0.20218333333333335,0.05985781532561605,0.44619333385760646,0.09291009272237653,0.02686857635870416,0.012531104708582956,1.0,0.0,1.0,0.0,43891798.60531249,1148200047.2881258,465.19714285714286,0,0.0,0.0,0.0,606840.8153625106,476387.80917830893
37,0.20218333333333335,0.05985781532561605,0.44619333385760646,0.09291009272237653,0.02686857635870416,0.012531104708582956,1.0,0.0,1.0,0.0,43891798.60531249,1148200047.2881258,465.19714285714286,0,0.0,0.0,0.0,605245.4424848104,475285.7866794881
38,0.20218333333333335,0.05985781532561605,0.44619333385760646,0.09291009272237653,0.02686857635870416,0.012531104708582956,1.0,0.0,1.0,0.0,43723235.21075204,1148200047.2881258,465.19714285714286,0,0.0,0.0,0.0,604096.1680938469,474338.2842027878
39,0.20218333333333335,0.05985781532561605,0.44619333385760646,0.09291009272237653,0.02686857635870416,0.012531104708582956,1.0,0.0,1.0,0.0,43581188.053114474,1146208880.571221,465.19714285714286,0,0.0,0.0,0.0,603502.1637398495,473972.35892456054
40,0.22536666666666666,0.0689480400172639,0.4178084710351571,0.09746884481082235,0.027115409865054233,0.014186476809306969,1.0,0.0,1.0,0.0,43581188.053114474,1141324527.0294306,465.19714285714286,0,0.0,0.0,0.0,600501.9082801032,471796.1107644211
41,0.22536666666666666,0.0689480400172639,0.4178084710351571,0.09746884481082235,0.027115409865054233,0.014186476809306969,1.0,0.0,1.0,0.0,41647052.81625461,1141324527.0294306,465.19714285714286,0,0.0,0.0,0.0,599252.2699505918,471113.66299260885
42,0.22536666666666666,0.0689480400172639,0.4178084710351571,0.09746884481082235,0.027115409865054233,0.014186476809306969,1.0,0.0,1.0,0.0,41647052.81625461,1141324527.0294306,465.19714285714286,0,0.0,0.0,0.0,598279.9108062283,470468.5172120432
43,0.22536666666666666,0.0689480400172639,0.4178084710351571,0.09746884481082235,0.027115409865054233,0.014186476809306969,1.0,0.0,1.0,0.0,41647052.81625461,1141324527.0294306,465.19714285714286,0,0.0,0.0,0.0,599033.2055307784,470879.13811302354
44,0.22536666666666666,0.0689480400172639,0.4178084710351571,0.09746884481082235,0.027115409865054233,0.014186476809306969,1.0,0.0,1.0,0.0,41647052.81625461,1140338720.3622038,465.19714285714286,0,0.0,0.0,0.0,598137.6406230405,470367.76186999347
45,0.24111666666666662,0.07423203299265231,0.398509743711985,0.09756796193735734,0.024849195151614985,0.016851380969410155,1.0,0.0,1.0,0.0,41647052.81625461,1140338720.3622038,465.19714285714286,0,0.0,0.0,0.0,597611.3588721368,470110.54342187627
46,0.24111666666666662,0.07423203299265231,0.398509743711985,0.09756796193735734,0.024849195151614985,0.016851380969410155,1.0,0.0,1.0,0.0,41647052.81625461,1140338720.3622038,465.19714285714286,0,0.0,0.0,0.0,595589.7868640091,468874.82335300714
47,0.24111666666666662,0.07423203299265231,0.398509743711985,0.09756796193735734,0.024849195151614985,0.016851380969410155,1.0,0.0,1.0,0.0,41647052.81625461,1140338720.3622038,465.19714285714286,0,0.0,0.0,0.0,597073.8882418815,469945.6067346293
48,0.24111666666666662,0.07423203299265231,0.398509743711985,0.09756796193735734,0.024849195151614985,0.016851380969410155,1.0,0.0,1.0,0.0,41647052.81625461,1140338720.3622038,465.19714285714286,0,0.0,0.0,0.0,596009.7345704981,469392.0586618298
49,0.24111666666666662,0.07423203299265231,0.398509743711985,0.09756796193735734,0.024849195151614985,0.016851380969410155,1.0,0.0,1.0,0.0,41539099.62499913,1139762435.7445068,465.19714285714286,0,0.0,0.0,0.0,595530.6202175295,469116.44430017564
50,0.2534333333333333,0.07868743369955727,0.38210962631762596,0.0987717886927161,0.023267096869535552,0.015743128460084195,1.0,0.0,1.0,0.0,41539099.62499913,1139762435.7445068,465.19714285714286,0,0.0,0.0,0.0,595313.8795645986,468972.14650463866
51,0.2534333333333333,0.07868743369955727,0.38210962631762596,0.0987717886927161,0.023267096869535552,0.015743128460084195,1.0,0.0,1.0,0.0,41539099.62499913,1139762435.7445068,465.19714285714286,0,0.0,0.0,0.0,594431.3726430839,468331.1066087613
52,0.2534333333333333,0.07868743369955727,0.38210962631762596,0.0987717886927161,0.023267096869535552,0.015743128460084195,1.0,0.0,1.0,0.0,41539099.62499913,1136594596.2657661,465.19714285714286,0,0.0,0.0,0.0,594046.7829472377,468146.21999199124
53,0.2534333333333333,0.07868743369955727,0.38210962631762596,0.0987717886927161,0.023267096869535552,0.015743128460084195,1.0,0.0,1.0,0.0,41491888.799487844,1136594596.2657661,465.19714285714286,0,0.0,0.0,0.0,592855.0219635904,467499.91828649567
54,0.2534333333333333,0.07868743369955727,0.38210962631762596,0.0987717886927161,0.023267096869535552,0.015743128460084195,1.0,0.0,1.0,0.0,40187190.628056176,1136594596.2657661,465.19714285714286,0,0.0,0.0,0.0,593624.1098414083,468059.3729728578
55,0.2662333333333333,0.08343957227971761,0.368211249156724,0.10031234713937884,0.020302153925453703,0.010715679488304862,1.0,0.0,1.0,0.0,40187190.628056176,1136594596.2657661,465.19714285714286,0,0.0,0.0,0.0,594773.1437024499,468867.6383694289
56,0.2662333333333333,0.08343957227971761,0.368211249156724,0.10031234713937884,0.020302153925453703,0.010715679488304862,1.0,0.0,1.0,0.0,40187190.628056176,1136594596.2657661,465.19714285714286,0,0.0,0.0,0.0,596743.5604898579,470376.5757573166
57,0.2662333333333333,0.08343957227971761,0.368211249156724,0.10031234713937884,0.020302153925453703,0.010715679488304862,1.0,0.0,1.0,0.0,40187190.628056176,1136594596.2657661,465.19714285714286,0,0.0,0.0,0.0,595231.8658616932,469389.87803595676
58,0.2662333333333333,0.08343957227971761,0.368211249156724,0.10031234713937884,0.020302153925453703,0.010715679488304862,1.0,0.0,1.0,0.0,40167999.200582534,1136594596.2657661,465.19714285714286,0,0.0,0.0,0.0,595060.0450003025,469331.2194813919
59,0.2662333333333333,0.08343957227971761,0.368211249156724,0.10031234713937884,0.020302153925453703,0.010715679488304862,1.0,0.0,1.0,0.0,40167999.200582534,1136594596.2657661,465.19714285714286,0,0.0,0.0,0.0,593685.2644258585,468485.90627826744
60,0.27799999999999997,0.08718142003890508,0.3552782135394412,0.10133164219828891,0.019055285368069462,0.009299864562471016,1.0,0.0,1.0,0.0,40167999.200582534,1136594596.2657661,465.19714285714286,0,0.0,0.0,0.0,591802.7176275746,467322.6089654456
61,0.27799999999999997,0.08718142003890508,0.3552782135394412,0.10133164219828891,0.019055285368069462,0.009299864562471016,1.0,0.0,1.0,0.0,40167999.200582534,1136594596.2657661,465.19714285714286,0,0.0,0.0,0.0,591832.16484091,467275.7406354546
62,0.27799999999999997,0.08718142003890508,0.3552782135394412,0.10133164219828891,0.019055285368069462,0.009299864562471016,1.0,0.0,1.0,0.0,40028053.72755003,1136594596.2657661,465.19714285714286,0,0.0,0.0,0.0,592495.6072982361,467803.4956138043
63,0.27799999999999997,0.08718142003890508,0.3552782135394412,0.10133164219828891,0.019055285368069462,0.009299864562471016,1.0,0.0,1.0,0.0,40028053.72755003,1136594596.2657661,465.19714285714286,0,0.0,0.0,0.0,593141.3023780521,468247.5779686418
64,0.27799999999999997,0.08718142003890508,0.3552782135394412,0.10133164219828891,0.019055285368069462,0.009299864562471016,1.0,0.0,1.0,0.0,40028053.72755003,1136594596.2657661,465.19714285714286,0,0.0,0.0,0.0,592886.8673467541,468134.6322442681
65,0.2874333333333333,0.09121939973979706,0.3448708091435648,0.10322639992376206,0.0179080211862249,0.008796892128514642,1.0,0.0,1.0,0.0,40028053.72755003,1136594596.2657661,465.19714285714286,0,0.0,0.0,0.0,593257.5214268429,468466.93392592244
66,0.2874333333333333,0.09121939973979706,0.3448708091435648,0.10322639992376206,0.0179080211862249,0.008796892128514642,1.0,0.0,1.0,0.0,40028053.72755003,1135655147.9325619,465.19714285714286,0,0.0,0.0,0.0,592345.1059835515,467835.3005488088
67,0.2874333333333333,0.09121939973979706,0.3448708091435648,0.10322639992376206,0.0179080211862249,0.008796892128514642,1.0,0.0,1.0,0.0,40028053.72755003,1135261519.9020016,465.19714285714286,0,0.0,0.0,0.0,590899.3279111311,466827.79311637586
68,0.2874333333333333,0.09121939973979706,0.3448708091435648,0.10322639992376206,0.0179080211862249,0.008796892128514642,1.0,0.0,1.0,0.0,40028053.72755003,1135188840.0295894,465.19714285714286,0,0.0,0.0,0.0,591536.6460587698,467343.8356814598
69,0.2874333333333333,0.09121939973979706,0.3448708091435648,0.10322639992376206,0.0179080211862249,0.008796892128514642,1.0,0.0,1.0,0.0,40028053.72755003,1135188840.0295894,465.19714285714286,0,0.0,0.0,0.0,591800.0272175713,467588.6576472698
70,0.29588333333333333,0.09395607868691744,0.3367372617500041,0.10479973695640842,0.01860650390016917,0.008495986503726573,1.0,0.0,1.0,0.0,40028053.72755003,1123713071.5625443,465.19714285714286,0,0.0,0.0,0.0,590874.3022497738,466915.9523853939
71,0.29588333333333333,0.09395607868691744,0.3367372617500041,0.10479973695640842,0.01860650390016917,0.008495986503726573,1.0,0.0,1.0,0.0,40028053.72755003,1123713071.5625443,465.19714285714286,0,0.0,0.0,0.0,591469.831066795,467306.527537742
72,0.29588333333333333,0.09395607868691744,0.3367372617500041,0.10479973695640842,0.01860650390016917,0.008495986503726573,1.0,0.0,1.0,0.0,40028053.72755003,1123713071.5625443,465.19714285714286,0,0.0,0.0,0.0,589782.2244107601,466157.4786766684
73,0.29588333333333333,0.09395607868691744,0.3367372617500041,0.10479973695640842,0.01860650390016917,0.008495986503726573,1.0,0.0,1.0,0.0,39853051.69514508,1123713071.5625443,465.19714285714286,0,0.0,0.0,0.0,590102.2526041834,466353.6366249684
74,0.29588333333333333,0.09395607868691744,0.3367372617500041,0.10479973695640842,0.01860650390016917,0.008495986503726573,1.0,0.0,1.0,0.0,39853051.69514508,1123713071.5625443,465.19714285714286,0,0.0,0.0,0.0,588457.8082063365,465225.42905583367
75,0.30371666666666663,0.09687489211463528,0.32785714706759356,0.1064199808695899,0.018027804510900955,0.007304825707559317,1.0,0.0,1.0,0.0,39853051.69514508,1123713071.5625443,465.19714285714286,0,0.0,0.0,0.0,587894.2808709155,464839.03373881447
76,0.30371666666666663,0.09687489211463528,0.32785714706759356,0.1064199808695899,0.018027804510900955,0.007304825707559317,1.0,0.0,1.0,0.0,39853051.69514508,1123713071.5625443,465.19714285714286,0,0.0,0.0,0.0,587175.250395439,464338.0446120684
77,0.30371666666666663,0.09687489211463528,0.32785714706759356,0.1064199808695899,0.018027804510900955,0.007304825707559317,1.0,0.0,1.0,0.0,39853051.69514508,1123475109.882138,465.19714285714286,0,0.0,0.0,0.0,586715.1242001046,463990.949829899
78,0.30371666666666663,0.09687489211463528,0.32785714706759356,0.1064199808695899,0.018027804510900955,0.007304825707559317,1.0,0.0,1.0,0.0,39778393.98468031,1123475109.882138,465.19714285714286,0,0.0,0.0,0.0,586017.7605864571,463524.1264437198
79,0.30371666666666663,0.09687489211463528,0.32785714706759356,0.1064199808695899,0.018027804510900955,0.007304825707559317,1.0,0.0,1.0,0.0,39778393.98468031,1123475109.882138,426.33880952380946,0,0.0,0.0,0.0,585726.630292337,463320.565425505
80,0.31358333333333327,0.10255113223276581,0.3176803799775399,0.1113942930463138,0.018884130563485178,0.009508702146134095,1.0,0.0,1.0,0.0,39665669.49264303,1123475109.882138,426.33880952380946,0,0.0,0.0,0.0,585769.6361022805,463373.40699204325
81,0.31358333333333327,0.10255113223276581,0.3176803799775399,0.1113942930463138,0.018884130563485178,0.009508702146134095,1.0,0.0,1.0,0.0,39665669.49264303,1123475109.882138,426.33880952380946,0,0.0,0.0,0.0,585155.6413684282,462952.13490797265
82,0.31358333333333327,0.10255113223276581,0.3176803799775399,0.1113942930463138,0.018884130563485178,0.009508702146134095,1.0,0.0,1.0,0.0,39665669.49264303,1123475109.882138,426.33880952380946,0,0.0,0.0,0.0,585726.9267475341,463411.1032812162
83,0.31358333333333327,0.10255113223276581,0.3176803799775399,0.1113942930463138,0.018884130563485178,0.009508702146134095,1.0,0.0,1.0,0.0,39665669.49264303,1123475109.882138,426.33880952380946,0,0.0,0.0,0.0,584839.9858632613,462825.8119357322
84,0.31358333333333327,0.10255113223276581,0.3176803799775399,0.1113942930463138,0.018884130563485178,0.009508702146134095,1.0,0.0,1.0,0.0,39665669.49264303,1123475109.882138,426.33880952380946,0,0.0,0.0,0.0,584281.8000164505,462401.52306915185
85,0.3185333333333333,0.10437687589797955,0.31282175403877155,0.11183454388929898,0.01845144966651143,0.00699142188523126,1.0,0.0,1.0,0.0,39613927.03975755,1123475109.882138,426.33880952380946,0,0.0,0.0,0.0,584543.1778003196,462614.7056093573
86,0.3185333333333333,0.10437687589797955,0.31282175403877155,0.11183454388929898,0.01845144966651143,0.00699142188523126,1.0,0.0,1.0,0.0,39608980.00849548,1123475109.882138,426.33880952380946,0,0.0,0.0,0.0,584818.6147820187,462843.7901267263
87,0.3185333333333333,0.10437687589797955,0.31282175403877155,0.11183454388929898,0.01845144966651143,0.00699142188523126,1.0,0.0,1.0,0.0,39608980.00849548,1123475109.882138,426.33880952380946,0,0.0,0.0,0.0,584584.9128527547,462709.41929532314
88,0.3185333333333333,0.10437687589797955,0.31282175403877155,0.11183454388929898,0.01845144966651143,0.00699142188523126,1.0,0.0,1.0,0.0,39608980.00849548,1123475109.882138,426.33880952380946,0,0.0,0.0,0.0,584575.7411317505,462712.5238363421
89,0.3185333333333333,0.10437687589797955,0.31282175403877155,0.11183454388929898,0.01845144966651143,0.00699142188523126,1.0,0.0,1.0,0.0,39608980.00849548,1123475109.882138,426.33880952380946,0,0.0,0.0,0.0,584204.8100634434,462426.7375183314
90,0.32451666666666673,0.10623750776235084,0.30672230911664694,0.11340413180477747,0.01700389578551578,0.007048277393313453,1.0,0.0,1.0,0.0,39408430.78435129,1123475109.882138,426.33880952380946,0,0.0,0.0,0.0,583538.5069231071,461975.85180851084
91,0.32451666666666673,0.10623750776235084,0.30672230911664694,0.11340413180477747,0.01700389578551578,0.007048277393313453,1.0,0.0,1.0,0.0,39344214.95131713,1123475109.882138,426.33880952380946,0,0.0,0.0,0.0,583743.1214808415,462105.7049802429
92,0.32451666666666673,0.10623750776235084,0.30672230911664694,0.11340413180477747,0.01700389578551578,0.007048277393313453,1.0,0.0,1.0,0.0,39344214.95131713,1123475109.882138,426.33880952380946,0,0.0,0.0,0.0,583213.9511618676,461722.01107781014
93,0.32451666666666673,0.10623750776235084,0.30672230911664694,0.11340413180477747,0.01700389578551578,0.007048277393313453,1.0,0.0,1.0,0.0,39336969.84777118,1123475109.882138,426.33880952380946,0,0.0,0.0,0.0,583454.983838286,461917.8950586577
94,0.32451666666666673,0.10623750776235084,0.30672230911664694,0.11340413180477747,0.01700389578551578,0.007048277393313453,1.0,0.0,1.0,0.0,39336969.84777118,1123475109.882138,426.33880952380946,0,0.0,0.0,0.0,582378.6208821592,461133.30419171974
95,0.3286833333333333,0.1082867707627401,0.3025505997791619,0.11498238728842271,0.016807645924689234,0.007380899387088935,1.0,0.0,1.0,0.0,39283390.047729835,1123475109.882138,426.33880952380946,0,0.0,0.0,0.0,582839.0566724451,461423.50366808346
96,0.3286833333333333,0.1082867707627401,0.3025505997791619,0.11498238728842271,0.016807645924689234,0.007380899387088935,1.0,0.0,1.0,0.0,39283390.047729835,1123475109.882138,426.33880952380946,0,0.0,0.0,0.0,582426.886653805,461139.5127871378
97,0.3286833333333333,0.1082867707627401,0.3025505997791619,0.11498238728842271,0.016807645924689234,0.007380899387088935,1.0,0.0,1.0,0.0,39283390.047729835,1123475109.882138,426.33880952380946,0,0.0,0.0,0.0,582633.8336873522,461270.397913617
98,0.3286833333333333,0.1082867707627401,0.3025505997791619,0.11498238728842271,0.016807645924689234,0.007380899387088935,1.0,0.0,1.0,0.0,39283390.047729835,1123475109.882138,426.33880952380946,0,0.0,0.0,0.0,582719.9658494989,461298.7225255823
99,0.3286833333333333,0.1082867707627401,0.3025505997791619,0.11498238728842271,0.016807645924689234,0.007380899387088935,1.0,0.0,1.0,0.0,39283390.047729835,1123475109.882138,426.33880952380946,0,0.0,0.0,0.0,582384.9959773339,461101.5480720344
100,0.33224999999999993,0.10924740652909494,0.29854472597491705,0.11519934149715125,0.016286870917132275,0.005554238625516723,1.0,0.0,1.0,0.0,39244034.81077736,1123475109.882138,426.33880952380946,0,0.0,0.0,0.0,581962.336404313,460790.2847977068
101,0.33224999999999993,0.10924740652909494,0.29854472597491705,0.11519934149715125,0.016286870917132275,0.005554238625516723,1.0,0.0,1.0,0.0,39244034.81077736,1123475109.882138,426.33880952380946,0,0.0,0.0,0.0,581993.3751699718,460813.7469335437
102,0.33224999999999993,0.10924740652909494,0.29854472597491705,0.11519934149715125,0.016286870917132275,0.005554238625516723,1.0,0.0,1.0,0.0,39244034.81077736,1123475109.882138,426.33880952380946,0,0.0,0.0,0.0,582017.0868496168,460866.84545837593
103,0.33224999999999993,0.10924740652909494,0.29854472597491705,0.11519934149715125,0.016286870917132275,0.005554238625516723,1.0,0.0,1.0,0.0,39244034.81077736,1123475109.882138,426.33880952380946,0,0.0,0.0,0.0,582449.8184757183,461167.59955063206
104,0.33224999999999993,0.10924740652909494,0.29854472597491705,0.11519934149715125,0.016286870917132275,0.005554238625516723,1.0,0.0,1.0,0.0,39215285.31505932,1123475109.882138,426.33880952380946,0,0.0,0.0,0.0,582013.7241958294,460887.0737805007
105,0.33645,0.11183658837786495,0.2954019782440662,0.11658374798850477,0.014720865058549214,0.005503727265673059,1.0,0.0,1.0,0.0,39215285.31505932,1123475109.882138,426.33880952380946,0,0.0,0.0,0.0,582194.497303653,460990.3624290687
106,0.33645,0.11183658837786495,0.2954019782440662,0.11658374798850477,0.014720865058549214,0.005503727265673059,1.0,0.0,1.0,0.0,39215285.31505932,1123475109.882138,426.33880952380946,0,0.0,0.0,0.0,581527.6496358527,460569.88253335067
107,0.33645,0.11183658837786495,0.2954019782440662,0.11658374798850477,0.014720865058549214,0.005503727265673059,1.0,0.0,1.0,0.0,39215285.31505932,1123475109.882138,426.33880952380946,0,0.0,0.0,0.0,580824.186370099,460146.7698692782
108,0.33645,0.11183658837786495,0.2954019782440662,0.11658374798850477,0.014720865058549214,0.005503727265673059,1.0,0.0,1.0,0.0,39215285.31505932,1123475109.882138,426.33880952380946,0,0.0,0.0,0.0,580797.938214792,460121.9678748475
109,0.33645,0.11183658837786495,0.2954019782440662,0.11658374798850477,0.014720865058549214,0.005503727265673059,1.0,0.0,1.0,0.0,39215285.31505932,1123475109.882138,426.33880952380946,0,0.0,0.0,0.0,581325.1972638833,460494.1070216802
110,0.34065000000000006,0.11208940999636556,0.2911979580607521,0.11684683464095069,0.016029164099836287,0.006959512369657715,1.0,0.0,1.0,0.0,39215285.31505932,1123475109.882138,426.33880952380946,0,0.0,0.0,0.0,581594.9817931099,460724.4104516518
111,0.34065000000000006,0.11208940999636556,0.2911979580607521,0.11684683464095069,0.016029164099836287,0.006959512369657715,1.0,0.0,1.0,0.0,39215285.31505932,1123475109.882138,426.33880952380946,0,0.0,0.0,0.0,581708.5482382479,460848.0452344403
112,0.34065000000000006,0.11208940999636556,0.2911979580607521,0.11684683464095069,0.016029164099836287,0.006959512369657715,1.0,0.0,1.0,0.0,39215285.31505932,1123475109.882138,422.2238095238095,0,0.0,0.0,0.0,580754.9480803551,460185.28531872964
113,0.34065000000000006,0.11208940999636556,0.2911979580607521,0.11684683464095069,0.016029164099836287,0.006959512369657715,1.0,0.0,1.0,0.0,39215285.31505932,1123475109.882138,422.2238095238095,0,0.0,0.0,0.0,579893.788130175,459601.74314949714
114,0.34065000000000006,0.11208940999636556,0.2911979580607521,0.11684683464095069,0.016029164099836287,0.006959512369657715,1.0,0.0,1.0,0.0,39215285.31505932,1123475109.882138,421.33595238095234,0,0.0,0.0,0.0,579929.424767093,459608.08281437506
115,0.3450833333333333,0.11421734276758888,0.28743191387101397,0.11829553315916157,0.01655710474799094,0.007978465663900211,1.0,0.0,1.0,0.0,39128521.120449536,1122887128.4764905,421.33595238095234,0,0.0,0.0,0.0,578495.9114458686,458642.0142119827
116,0.3450833333333333,0.11421734276758888,0.28743191387101397,0.11829553315916157,0.01655710474799094,0.007978465663900211,1.0,0.0,1.0,0.0,39044977.56090432,1122887128.4764905,421.33595238095234,0,0.0,0.0,0.0,578046.5149925764,458260.7178519684
117,0.3450833333333333,0.11421734276758888,0.28743191387101397,0.11829553315916157,0.01655710474799094,0.007978465663900211,1.0,0.0,1.0,0.0,39044977.56090432,1122887128.4764905,421.33595238095234,0,0.0,0.0,0.0,577887.9573921637,458167.0441936626
118,0.3450833333333333,0.11421734276758888,0.28743191387101397,0.11829553315916157,0.01655710474799094,0.007978465663900211,1.0,0.0,1.0,0.0,39044977.56090432,1122887128.4764905,421.33595238095234,0,0.0,0.0,0.0,577924.853295475,458239.7930054746
119,0.3450833333333333,0.11421734276758888,0.28743191387101397,0.11829553315916157,0.01655710474799094,0.007978465663900211,1.0,0.0,1.0,0.0,39044977.56090432,1115886442.290689,421.33595238095234,0,0.0,0.0,0.0,576957.6907535645,457590.62799169624
120,0.3484499999999999,0.1154268419100745,0.2846843208565521,0.11914550491895957,0.017183840249974387,0.008182233895512033,1.0,0.0,1.0,0.0,39044977.56090432,1115886442.290689,421.33595238095234,0,0.0,0.0,0.0,577069.8036611341,457679.06826190616
121,0.3484499999999999,0.1154268419100745,0.2846843208565521,0.11914550491895957,0.017183840249974387,0.008182233895512033,1.0,0.0,1.0,0.0,39044977.56090432,1115886442.290689,421.33595238095234,0,0.0,0.0,0.0,577309.3926388061,457810.15770454664
122,0.3484499999999999,0.1154268419100745,0.2846843208565521,0.11914550491895957,0.017183840249974387,0.008182233895512033,1.0,0.0,1.0,0.0,39044977.56090432,1115886442.290689,421.33595238095234,0,0.0,0.0,0.0,577118.0253592074,457681.9159292501
123,0.3484499999999999,0.1154268419100745,0.2846843208565521,0.11914550491895957,0.017183840249974387,0.008182233895512033,1.0,0.0,1.0,0.0,39044977.56090432,1115886442.290689,421.33595238095234,0,0.0,0.0,0.0,576899.1127363374,457518.98880869785
124,0.3484499999999999,0.1154268419100745,0.2846843208565521,0.11914550491895957,0.017183840249974387,0.008182233895512033,1.0,0.0,1.0,0.0,38924311.86724412,1115886442.290689,421.33595238095234,0,0.0,0.0,0.0,577247.8551320604,457794.9658462832
125,0.35296666666666676,0.11582263259925595,0.2805784289056952,0.11848014195330336,0.01736417243923157,0.008739762185208617,1.0,0.0,1.0,0.0,38924311.86724412,1115886442.290689,421.33595238095234,0,0.0,0.0,0.0,577326.0616791825,457847.97072813386
126,0.35296666666666676,0.11582263259925595,0.2805784289056952,0.11848014195330336,0.01736417243923157,0.008739762185208617,1.0,0.0,1.0,0.0,38924311.86724412,1115886442.290689,421.33595238095234,0,0.0,0.0,0.0,576594.9823998767,457324.70696534036
127,0.35296666666666676,0.11582263259925595,0.2805784289056952,0.11848014195330336,0.01736417243923157,0.008739762185208617,1.0,0.0,1.0,0.0,38852307.69157111,1115886442.290689,421.33595238095234,0,0.0,0.0,0.0,576412.402127559,457216.1366362838
128,0.35296666666666676,0.11582263259925595,0.2805784289056952,0.11848014195330336,0.01736417243923157,0.008739762185208617,1.0,0.0,1.0,0.0,38852307.69157111,1115886442.290689,421.33595238095234,0,0.0,0.0,0.0,576188.7687478141,457074.940650397
129,0.35296666666666676,0.11582263259925595,0.2805784289056952,0.11848014195330336,0.01736417243923157,0.008739762185208617,1.0,0.0,1.0,0.0,38852307.69157111,1115886442.290689,421.33595238095234,0,0.0,0.0,0.0,575869.047410548,456828.5693023478
130,0.35515,0.1162803472933697,0.27759521788248864,0.11861077522240468,0.018496900756087644,0.00831309290229743,1.0,0.0,1.0,0.0,38852307.69157111,1116824696.5102015,421.33595238095234,0,0.0,0.0,0.0,576201.1109828947,457043.8989500779
131,0.35515,0.1162803472933697,0.27759521788248864,0.11861077522240468,0.018496900756087644,0.00831309290229743,1.0,0.0,1.0,0.0,38852307.69157111,1116824696.5102015,421.33595238095234,0,0.0,0.0,0.0,575504.5238196782,456519.6780758423
132,0.35515,0.1162803472933697,0.27759521788248864,0.11861077522240468,0.018496900756087644,0.00831309290229743,1.0,0.0,1.0,0.0,38852307.69157111,1116824696.5102015,421.33595238095234,0,0.0,0.0,0.0,575992.6628482849,456841.0066182827
133,0.35515,0.1162803472933697,0.27759521788248864,0.11861077522240468,0.018496900756087644,0.00831309290229743,1.0,0.0,1.0,0.0,38807133.81847388,1116824696.5102015,421.33595238095234,0,0.0,0.0,0.0,575864.5871211025,456750.0484813077
134,0.35515,0.1162803472933697,0.27759521788248864,0.11861077522240468,0.018496900756087644,0.00831309290229743,1.0,0.0,1.0,0.0,38758191.2399921,1116824696.5102015,422.2238095238095,0,0.0,0.0,0.0,575107.3377705918,456243.51882251777
135,0.3603666666666667,0.11650779182336071,0.27313344427442987,0.118763120741414,0.019344765130841615,0.009839096690204868,1.0,0.0,1.0,0.0,38758191.2399921,1116824696.5102015,422.2238095238095,0,0.0,0.0,0.0,574616.0241458516,455933.5859770143
136,0.3603666666666667,0.11650779182336071,0.27313344427442987,0.118763120741414,0.019344765130841615,0.009839096690204868,1.0,0.0,1.0,0.0,38758191.2399921,1116824696.5102015,422.2238095238095,0,0.0,0.0,0.0,573623.6159927926,455227.9150226718
137,0.3603666666666667,0.11650779182336071,0.27313344427442987,0.118763120741414,0.019344765130841615,0.009839096690204868,1.0,0.0,1.0,0.0,38758191.2399921,1116824696.5102015,422.2238095238095,0,0.0,0.0,0.0,573754.8731651868,455298.9486891175
138,0.3603666666666667,0.11650779182336071,0.27313344427442987,0.118763120741414,0.019344765130841615,0.009839096690204868,1.0,0.0,1.0,0.0,38758191.2399921,1116824696.5102015,422.2238095238095,0,0.0,0.0,0.0,573633.6981898401,455215.67839495576
139,0.3603666666666667,0.11650779182336071,0.27313344427442987,0.118763120741414,0.019344765130841615,0.009839096690204868,1.0,0.0,1.0,0.0,38758191.2399921,1116824696.5102015,422.2238095238095,0,0.0,0.0,0.0,573085.4315664141,454850.7351314199
140,0.3649333333333333,0.11603151391851363,0.2687320235611974,0.11794389243856739,0.01896218054125705,0.010008288177661619,1.0,0.0,1.0,0.0,38758191.2399921,1116824696.5102015,422.2238095238095,0,0.0,0.0,0.0,572902.6902197364,454726.38393629226
141,0.3649333333333333,0.11603151391851363,0.2687320235611974,0.11794389243856739,0.01896218054125705,0.010008288177661619,1.0,0.0,1.0,0.0,38758191.2399921,1116824696.5102015,422.2238095238095,0,0.0,0.0,0.0,573014.7582862761,454785.7121825656
142,0.3649333333333333,0.11603151391851363,0.2687320235611974,0.11794389243856739,0.01896218054125705,0.010008288177661619,1.0,0.0,1.0,0.0,38758191.2399921,1116824696.5102015,422.2238095238095,0,0.0,0.0,0.0,573112.5571766712,454856.4084908771
143,0.3649333333333333,0.11603151391851363,0.2687320235611974,0.11794389243856739,0.01896218054125705,0.010008288177661619,1.0,0.0,1.0,0.0,38758191.2399921,1116824696.5102015,420.882619047619,0,0.0,0.0,0.0,572738.2490491684,454638.27850028244
144,0.3649333333333333,0.11603151391851363,0.2687320235611974,0.11794389243856739,0.01896218054125705,0.010008288177661619,1.0,0.0,1.0,0.0,38752632.530373394,1116824696.5102015,420.882619047619,0,0.0,0.0,3.031649005909761e-17,572312.4925183228,454357.91720623727
145,0.36815,0.11709178379943375,0.2649997545861199,0.119251285441549,0.01869148726403139,0.008028485075852496,1.0,0.0,1.0,0.0,38752632.530373394,1116824696.5102015,420.9009523809524,0,0.0,0.0,3.031649005909761e-17,572281.4830043832,454369.84274210234
146,0.36815,0.11709178379943375,0.2649997545861199,0.119251285441549,0.01869148726403139,0.008028485075852496,1.0,0.0,1.0,0.0,38752632.530373394,1116824696.5102015,420.9009523809524,0,0.0,0.0,3.031649005909761e-17,572250.000056479,454340.7699955821
147,0.36815,0.11709178379943375,0.2649997545861199,0.119251285441549,0.01869148726403139,0.008028485075852496,1.0,0.0,1.0,0.0,38752632.530373394,1116824696.5102015,420.9009523809524,0,0.0,0.0,3.031649005909761e-17,572268.2176752719,454382.8240375369
148,0.36815,0.11709178379943375,0.2649997545861199,0.119251285441549,0.01869148726403139,0.008028485075852496,1.0,0.0,1.0,0.0,38752632.530373394,1116824696.5102015,420.9009523809524,0,0.0,0.0,3.031649005909761e-17,572487.3788911195,454520.0014165608
149,0.36815,0.11709178379943375,0.2649997545861199,0.119251285441549,0.01869148726403139,0.008028485075852496,1.0,0.0,1.0,0.0,38752632.530373394,1116824696.5102015,420.9009523809524,0,0.0,0.0,3.031649005909761e-17,572348.0202650838,454418.1160048978
150,0.37121666666666664,0.1177884178894041,0.2619842806289512,0.11944324193255758,0.016941524168368628,0.008115142909543167,1.0,0.0,1.0,0.0,38752632.530373394,1116824696.5102015,420.9009523809524,0,0.0,0.0,3.031649005909761e-17,571476.6846151787,453819.7477645839
151,0.37121666666666664,0.1177884178894041,0.2619842806289512,0.11944324193255758,0.016941524168368628,0.008115142909543167,1.0,0.0,1.0,0.0,38752632.530373394,1116824696.5102015,420.9009523809524,0,0.0,0.0,3.031649005909761e-17,572059.0146633224,454213.07717510767
152,0.37121666666666664,0.1177884178894041,0.2619842806289512,0.11944324193255758,0.016941524168368628,0.008115142909543167,1.0,0.0,1.0,0.0,38752632.530373394,1116824696.5102015,420.9009523809524,0,0.0,0.0,3.031649005909761e-17,571917.8128341312,454128.3720651792
153,0.37121666666666664,0.1177884178894041,0.2619842806289512,0.11944324193255758,0.016941524168368628,0.008115142909543167,1.0,0.0,1.0,0.0,38752632.530373394,1116824696.5102015,420.9009523809524,0,0.0,0.0,3.031649005909761e-17,572034.9216149863,454230.9876819392
154,0.37121666666666664,0.1177884178894041,0.2619842806289512,0.11944324193255758,0.016941524168368628,0.008115142909543167,1.0,0.0,1.0,0.0,38748232.32135248,1116824696.5102015,420.9009523809524,0,0.0,0.0,3.031649005909761e-17,571655.338559577,453974.0499236431
155,0.37284999999999996,0.11832956449397308,0.2600160411170726,0.11899458166368014,0.01795128271970079,0.008052958356864802,1.0,0.0,1.0,0.0,38748232.32135248,1116824696.5102015,420.9009523809524,0,0.0,0.0,3.031649005909761e-17,571290.1890410063,453759.4754436763
156,0.37284999999999996,0.11832956449397308,0.2600160411170726,0.11899458166368014,0.01795128271970079,0.008052958356864802,1.0,0.0,1.0,0.0,38748232.32135248,1116824696.5102015,420.9009523809524,0,0.0,0.0,3.031649005909761e-17,570701.3754468017,453337.77803512546
157,0.37284999999999996,0.11832956449397308,0.2600160411170726,0.11899458166368014,0.01795128271970079,0.008052958356864802,1.0,0.0,1.0,0.0,38748232.32135248,1116824696.5102015,420.9009523809524,0,0.0,0.0,3.031649005909761e-17,570729.6465882834,453378.32738772663
158,0.37284999999999996,0.11832956449397308,0.2600160411170726,0.11899458166368014,0.01795128271970079,0.008052958356864802,1.0,0.0,1.0,0.0,38748232.32135248,1116824696.5102015,420.9009523809524,0,0.0,0.0,3.031649005909761e-17,570572.9754114284,453247.9152079539
159,0.37284999999999996,0.11832956449397308,0.2600160411170726,0.11899458166368014,0.01795128271970079,0.008052958356864802,1.0,0.0,1.0,0.0,38693454.148006216,1116824696.5102015,420.9009523809524,0,0.0,0.0,3.031649005909761e-17,569986.7857893776,452861.1646204025
160,0.3754833333333334,0.11803498657413213,0.2575515380591317,0.11875224930649425,0.016891523891809104,0.008043464225067458,1.0,0.0,1.0,0.0,38666632.54137672,1116824696.5102015,420.9009523809524,0,0.0,0.0,3.031649005909761e-17,570164.751867371,453001.3574679289
161,0.3754833333333334,0.11803498657413213,0.2575515380591317,0.11875224930649425,0.016891523891809104,0.008043464225067458,1.0,0.0,1.0,0.0,38666632.54137672,1116824696.5102015,420.9009523809524,0,0.0,0.0,3.031649005909761e-17,570002.9394219497,452864.9057120479
162,0.3754833333333334,0.11803498657413213,0.2575515380591317,0.11875224930649425,0.016891523891809104,0.008043464225067458,1.0,0.0,1.0,0.0,38666632.54137672,1116824696.5102015,420.9009523809524,0,0.0,0.0,3.031649005909761e-17,569706.677823403,452660.99100761145
163,0.3754833333333334,0.11803498657413213,0.2575515380591317,0.11875224930649425,0.016891523891809104,0.008043464225067458,1.0,0.0,1.0,0.0,38666632.54137672,1116824696.5102015,420.9009523809524,0,0.0,0.0,3.031649005909761e-17,568949.21931144,452151.4759449242
164,0.3754833333333334,0.11803498657413213,0.2575515380591317,0.11875224930649425,0.016891523891809104,0.008043464225067458,1.0,0.0,1.0,0.0,38624470.37042579,1116824696.5102015,420.9009523809524,0,0.0,0.0,3.031649005909761e-17,569238.2871622093,452339.8335840299
165,0.3777166666666666,0.11745415299407491,0.25507733276890315,0.11794182308295745,0.015408256677218296,0.005963903971542689,1.0,0.0,1.0,0.0,38624470.37042579,1116824696.5102015,420.9009523809524,0,0.0,0.0,3.031649005909761e-17,568762.6641352682,452021.7760987704
166,0.3777166666666666,0.11745415299407491,0.25507733276890315,0.11794182308295745,0.015408256677218296,0.005963903971542689,1.0,0.0,1.0,0.0,38624470.37042579,1116824696.5102015,420.9009523809524,0,0.0,0.0,3.031649005909761e-17,568877.2893074529,452128.57451491355
167,0.3777166666666666,0.11745415299407491,0.25507733276890315,0.11794182308295745,0.015408256677218296,0.005963903971542689,1.0,0.0,1.0,0.0,38624470.37042579,1116824696.5102015,420.9009523809524,0,0.0,0.0,3.031649005909761e-17,569280.1686942282,452401.61286755773
168,0.3777166666666666,0.11745415299407491,0.25507733276890315,0.11794182308295745,0.015408256677218296,0.005963903971542689,1.0,0.0,1.0,0.0,38624470.37042579,1116824696.5102015,420.9009523809524,0,0.0,0.0,3.031649005909761e-17,568751.6568283059,452061.91146919574
169,0.3777166666666666,0.11745415299407491,0.25507733276890315,0.11794182308295745,0.015408256677218296,0.005963903971542689,1.0,0.0,1.0,0.0,38624470.37042579,1116824696.5102015,420.9009523809524,0,0.0,0.0,3.031649005909761e-17,568678.0399902477,452030.1282401102
170,0.37933333333333336,0.11778506790855205,0.2533810634346178,0.11805440642611746,0.01726927676460606,0.008162986133666242,1.0,0.0,1.0,0.0,38624470.37042579,1116824696.5102015,420.9009523809524,0,0.0,0.0,3.031649005909761e-17,569224.2787249928,452370.2757816092
171,0.37933333333333336,0.11778506790855205,0.2533810634346178,0.11805440642611746,0.01726927676460606,0.008162986133666242,1.0,0.0,1.0,0.0,38624470.37042579,1116824696.5102015,420.9009523809524,0,0.0,0.0,3.031649005909761e-17,569350.6480614531,452473.29564672377
172,0.37933333333333336,0.11778506790855205,0.2533810634346178,0.11805440642611746,0.01726927676460606,0.008162986133666242,1.0,0.0,1.0,0.0,38624470.37042579,1116824696.5102015,420.9009523809524,0,0.0,0.0,3.031649005909761e-17,568921.809149237,452194.3577539613
173,0.37933333333333336,0.11778506790855205,0.2533810634346178,0.11805440642611746,0.01726927676460606,0.008162986133666242,1.0,0.0,1.0,0.0,38624470.37042579,1116824696.5102015,420.9009523809524,0,0.0,0.0,3.031649005909761e-17,568463.677584557,451890.7242511381
174,0.37933333333333336,0.11778506790855205,0.2533810634346178,0.11805440642611746,0.01726927676460606,0.008162986133666242,1.0,0.0,1.0,0.0,38624470.37042579,1116824696.5102015,420.9009523809524,0,0.0,0.0,3.031649005909761e-17,568147.796340558,451674.0843561299
175,0.3808666666666667,0.11830912428417721,0.25211484424896147,0.11824965156300432,0.01763620170912276,0.008528492469664271,1.0,0.0,1.0,0.0,38624470.37042579,1116824696.5102015,420.882619047619,0,0.0,0.0,3.031649005909761e-17,567879.1020476506,451518.3889049551
176,0.3808666666666667,0.11830912428417721,0.25211484424896147,0.11824965156300432,0.01763620170912276,0.008528492469664271,1.0,0.0,1.0,0.0,38624470.37042579,1116824696.5102015,420.882619047619,0,0.0,0.0,3.031649005909761e-17,568184.8406342077,451732.22562664584
177,0.3808666666666667,0.11830912428417721,0.25211484424896147,0.11824965156300432,0.01763620170912276,0.008528492469664271,1.0,0.0,1.0,0.0,38624470.37042579,1116824696.5102015,420.882619047619,0,0.0,0.0,3.031649005909761e-17,567698.3578715117,451389.52922098787
178,0.3808666666666667,0.11830912428417721,0.25211484424896147,0.11824965156300432,0.01763620170912276,0.008528492469664271,1.0,0.0,1.0,0.0,38624470.37042579,1116824696.5102015,420.882619047619,0,0.0,0.0,6.063298011819522e-17,567905.6040218852,451507.0569027897
179,0.3808666666666667,0.11830912428417721,0.25211484424896147,0.11824965156300432,0.01763620170912276,0.008528492469664271,1.0,0.0,1.0,0.0,38624470.37042579,1116824696.5102015,420.882619047619,0,0.0,0.0,6.063298011819522e-17,567035.973484327,450906.48496876174
180,0.3820499999999999,0.11909305535308652,0.25100149789220605,0.11878520986841651,0.0163979919261723,0.007571049662800464,1.0,0.0,1.0,0.0,38624470.37042579,1116524115.8881245,420.882619047619,0,0.0,0.0,6.063298011819522e-17,567040.8302462802,450904.02299402084
181,0.3820499999999999,0.11909305535308652,0.25100149789220605,0.11878520986841651,0.0163979919261723,0.007571049662800464,1.0,0.0,1.0,0.0,38624470.37042579,1116524115.8881245,420.882619047619,0,0.0,0.0,6.063298011819522e-17,566742.7236270609,450718.6560055959
182,0.3820499999999999,0.11909305535308652,0.25100149789220605,0.11878520986841651,0.0163979919261723,0.007571049662800464,1.0,0.0,1.0,0.0,38624470.37042579,1116524115.8881245,420.882619047619,0,0.0,0.0,3.031649005909761e-17,566539.1009814685,450578.25087900914
183,0.3820499999999999,0.11909305535308652,0.25100149789220605,0.11878520986841651,0.0163979919261723,0.007571049662800464,1.0,0.0,1.0,0.0,38624470.37042579,1116524115.8881245,420.882619047619,0,0.0,0.0,3.031649005909761e-17,565509.8039846036,449891.29330821993
184,0.3820499999999999,0.11909305535308652,0.25100149789220605,0.11878520986841651,0.0163979919261723,0.007571049662800464,1.0,0.0,1.0,0.0,38624470.37042579,1116524115.8881245,420.882619047619,0,0.0,0.0,3.031649005909761e-17,565937.3077259904,450173.18193140783
185,0.38309999999999994,0.11934413824454611,0.2496370057536008,0.11830271230947298,0.015725782745542878,0.007746106795134009,1.0,0.0,1.0,0.0,38624470.37042579,1116524115.8881245,420.882619047619,0,0.0,0.0,0.0,566592.7853679826,450620.5913686806
186,0.38309999999999994,0.11934413824454611,0.2496370057536008,0.11830271230947298,0.015725782745542878,0.007746106795134009,1.0,0.0,1.0,0.0,38624470.37042579,1116524115.8881245,420.882619047619,0,0.0,0.0,0.0,567293.6997156942,451078.3150965782
187,0.38309999999999994,0.11934413824454611,0.2496370057536008,0.11830271230947298,0.015725782745542878,0.007746106795134009,1.0,0.0,1.0,0.0,38614683.69950336,1116524115.8881245,420.882619047619,0,0.0,0.0,6.063298011819522e-17,566825.9233306289,450763.42755423026
188,0.38309999999999994,0.11934413824454611,0.2496370057536008,0.11830271230947298,0.015725782745542878,0.007746106795134009,1.0,0.0,1.0,0.0,38614683.69950336,1116524115.8881245,420.882619047619,0,0.0,0.0,6.063298011819522e-17,566649.1887971056,450665.90995523875
189,0.38309999999999994,0.11934413824454611,0.2496370057536008,0.11830271230947298,0.015725782745542878,0.007746106795134009,1.0,0.0,1.0,0.0,38611057.85802181,1116524115.8881245,420.882619047619,0,0.0,0.0,1.2126596023639044e-16,566631.6820520564,450662.72446190903
190,0.38644999999999996,0.11923557564753902,0.24608276899816875,0.11828476416979453,0.016166283357513623,0.008654848859965331,1.0,0.0,1.0,0.0,38611057.85802181,1116524115.8881245,420.882619047619,0,0.0,0.0,1.2126596023639044e-16,566295.2835930958,450441.7098931124
191,0.38644999999999996,0.11923557564753902,0.24608276899816875,0.11828476416979453,0.016166283357513623,0.008654848859965331,1.0,0.0,1.0,0.0,38611057.85802181,1116524115.8881245,420.882619047619,0,0.0,0.0,1.2126596023639044e-16,565781.1574689955,450086.1980344729
192,0.38644999999999996,0.11923557564753902,0.24608276899816875,0.11828476416979453,0.016166283357513623,0.008654848859965331,1.0,0.0,1.0,0.0,38499449.25198524,1116524115.8881245,420.882619047619,0,0.0,0.0,1.5158245029548803e-16,565805.749038922,450080.1354618534
193,0.38644999999999996,0.11923557564753902,0.24608276899816875,0.11828476416979453,0.016166283357513623,0.008654848859965331,1.0,0.0,1.0,0.0,38499449.25198524,1116524115.8881245,420.882619047619,0,0.0,0.0,1.5158245029548803e-16,565945.9374317924,450178.17355542077
194,0.38644999999999996,0.11923557564753902,0.24608276899816875,0.11828476416979453,0.016166283357513623,0.008654848859965331,1.0,0.0,1.0,0.0,38499449.25198524,1116524115.8881245,420.882619047619,0,0.0,0.0,1.5158245029548803e-16,565600.1204203496,449930.35774754744
195,0.38763333333333333,0.11883685829274049,0.2446785788839755,0.11817837999384931,0.018787639706504877,0.010087683619784368,1.0,0.0,1.0,0.0,38499449.25198524,1116524115.8881245,420.882619047619,0,0.0,0.0,1.5158245029548803e-16,564983.3341035509,449509.3539693722
196,0.38763333333333333,0.11883685829274049,0.2446785788839755,0.11817837999384931,0.018787639706504877,0.010087683619784368,1.0,0.0,1.0,0.0,38499449.25198524,1116524115.8881245,420.882619047619,0,0.0,0.0,1.5158245029548803e-16,564849.3513783751,449445.19334403554
197,0.38763333333333333,0.11883685829274049,0.2446785788839755,0.11817837999384931,0.018787639706504877,0.010087683619784368,1.0,0.0,1.0,0.0,38419490.404901624,1116524115.8881245,420.882619047619,0,0.0,0.0,1.2126596023639044e-16,564184.5296011581,448994.11164922063
198,0.38763333333333333,0.11883685829274049,0.2446785788839755,0.11817837999384931,0.018787639706504877,0.010087683619784368,1.0,0.0,1.0,0.0,38390347.3822639,1116524115.8881245,420.882619047619,0,0.0,0.0,1.8189894035458566e-16,564044.0963755213,448878.00659153477
199,0.38763333333333333,0.11883685829274049,0.2446785788839755,0.11817837999384931,0.018787639706504877,0.010087683619784368,1.0,0.0,1.0,0.0,38390347.3822639,1116524115.8881245,420.882619047619,0,0.0,0.0,1.8189894035458566e-16,564262.1340467108,449020.11094631284
200,0.3890833333333333,0.11977180270089542,0.24369684590909688,0.11809978889989994,0.018189408296668645,0.009858257861186544,1.0,0.0,1.0,0.0,38390347.3822639,1116524115.8881245,420.882619047619,0,0.0,0.0,1.8189894035458566e-16,564472.9920857463,449161.5716983148
201,0.3890833333333333,0.11977180270089542,0.24369684590909688,0.11809978889989994,0.018189408296668645,0.009858257861186544,1.0,0.0,1.0,0.0,38390347.3822639,1116524115.8881245,420.882619047619,0,0.0,0.0,1.8189894035458566e-16,564175.7218737538,448987.065105885
202,0.3890833333333333,0.11977180270089542,0.24369684590909688,0.11809978889989994,0.018189408296668645,0.009858257861186544,1.0,0.0,1.0,0.0,38390347.3822639,1116524115.8881245,420.882619047619,0,0.0,0.0,1.8189894035458566e-16,563866.1888648269,448792.8182028769
203,0.3890833333333333,0.11977180270089542,0.24369684590909688,0.11809978889989994,0.018189408296668645,0.009858257861186544,1.0,0.0,1.0,0.0,38290297.755570255,1116524115.8881245,420.882619047619,0,0.0,0.0,1.8189894035458566e-16,564109.5515657485,448959.0109182497
204,0.3890833333333333,0.11977180270089542,0.24369684590909688,0.11809978889989994,0.018189408296668645,0.009858257861186544,1.0,0.0,1.0,0.0,38290297.755570255,1116524115.8881245,420.882619047619,0,0.0,0.0,1.8189894035458566e-16,563667.1109607891,448637.10882236954
205,0.39045,0.12029376196073788,0.24271405832984744,0.11826049581498987,0.01729343046823721,0.007376996124570516,1.0,0.0,1.0,0.0,38173118.51745252,1116524115.8881245,420.882619047619,0,0.0,0.0,1.8189894035458566e-16,563158.2002169949,448299.2434111637
206,0.39045,0.12029376196073788,0.24271405832984744,0.11826049581498987,0.01729343046823721,0.007376996124570516,1.0,0.0,1.0,0.0,38171126.6667692,1116524115.8881245,420.882619047619,0,0.0,0.0,1.8189894035458566e-16,562840.5091214334,448095.7794565485
207,0.39045,0.12029376196073788,0.24271405832984744,0.11826049581498987,0.01729343046823721,0.007376996124570516,1.0,0.0,1.0,0.0,38171126.6667692,1116524115.8881245,420.882619047619,0,0.0,0.0,1.8189894035458566e-16,562847.599046388,448080.64279745705
208,0.39045,0.12029376196073788,0.24271405832984744,0.11826049581498987,0.01729343046823721,0.007376996124570516,1.0,0.0,1.0,0.0,38171126.6667692,1116524115.8881245,420.882619047619,0,0.0,0.0,1.8189894035458566e-16,562852.3388441036,448068.1803346814
209,0.39045,0.12029376196073788,0.24271405832984744,0.11826049581498987,0.01729343046823721,0.007376996124570516,1.0,0.0,1.0,0.0,38171126.6667692,1116524115.8881245,420.882619047619,0,0.0,0.0,1.8189894035458566e-16,562517.3428349809,447852.0281811729
210,0.39336666666666675,0.11875927566112701,0.24021529196899205,0.1174033720711636,0.01884321355018476,0.008064012940734607,1.0,0.0,1.0,0.0,38171126.6667692,1115135861.6659555,420.882619047619,0,0.0,0.0,1.8189894035458566e-16,562735.2945387758,447993.0199166453
211,0.39336666666666675,0.11875927566112701,0.24021529196899205,0.1174033720711636,0.01884321355018476,0.008064012940734607,1.0,0.0,1.0,0.0,38171126.6667692,1115135861.6659555,420.882619047619,0,0.0,0.0,2.4253192047278088e-16,562952.7448732429,448125.80671319336
212,0.39336666666666675,0.11875927566112701,0.24021529196899205,0.1174033720711636,0.01884321355018476,0.008064012940734607,1.0,0.0,1.0,0.0,38171126.6667692,1115135861.6659555,420.882619047619,0,0.0,0.0,1.8189894035458566e-16,563239.0495917263,448300.78179825435
213,0.39336666666666675,0.11875927566112701,0.24021529196899205,0.1174033720711636,0.01884321355018476,0.008064012940734607,1.0,0.0,1.0,0.0,38171126.6667692,1115135861.6659555,420.882619047619,0,0.0,0.0,9.094947017729283e-17,563077.6931792145,448161.890225228
214,0.39336666666666675,0.11875927566112701,0.24021529196899205,0.1174033720711636,0.01884321355018476,0.008064012940734607,1.0,0.0,1.0,0.0,38171126.6667692,1115135861.6659555,420.882619047619,0,0.0,0.0,9.094947017729283e-17,563282.2292835208,448288.0384623904
215,0.3945499999999999,0.11867064717106754,0.23891936098146044,0.11727149706172742,0.019478139109686005,0.00985554328035502,1.0,0.0,1.0,0.0,38171126.6667692,1115135861.6659555,420.882619047619,0,0.0,0.0,0.0,563282.8400911912,448294.4035415945
216,0.3945499999999999,0.11867064717106754,0.23891936098146044,0.11727149706172742,0.019478139109686005,0.00985554328035502,1.0,0.0,1.0,0.0,38171126.6667692,1115135861.6659555,420.882619047619,0,0.0,0.0,0.0,563207.873080295,448255.8170624947
217,0.3945499999999999,0.11867064717106754,0.23891936098146044,0.11727149706172742,0.019478139109686005,0.00985554328035502,1.0,0.0,1.0,0.0,38171126.6667692,1115135861.6659555,420.882619047619,0,0.0,0.0,0.0,563616.0185213486,448529.3199165276
218,0.3945499999999999,0.11867064717106754,0.23891936098146044,0.11727149706172742,0.019478139109686005,0.00985554328035502,1.0,0.0,1.0,0.0,38109063.98005542,1115135861.6659555,420.882619047619,0,0.0,0.0,0.0,563869.879315777,448704.8632770326
219,0.3945499999999999,0.11867064717106754,0.23891936098146044,0.11727149706172742,0.019478139109686005,0.00985554328035502,1.0,0.0,1.0,0.0,38109063.98005542,1115135861.6659555,420.882619047619,0,0.0,0.0,0.0,563718.5312271573,448604.2969650608
220,0.39636666666666664,0.11876594162001534,0.23740099198778541,0.11692853986136277,0.01750741506214305,0.009618342801154246,1.0,0.0,1.0,0.0,38109063.98005542,1115135861.6659555,420.882619047619,0,0.0,0.0,0.0,563751.2345810435,448628.9224413749
221,0.39636666666666664,0.11876594162001534,0.23740099198778541,0.11692853986136277,0.01750741506214305,0.009618342801154246,1.0,0.0,1.0,0.0,38109063.98005542,1115135861.6659555,420.882619047619,0,0.0,0.0,0.0,563602.3524809373,448525.38948219054
222,0.39636666666666664,0.11876594162001534,0.23740099198778541,0.11692853986136277,0.01750741506214305,0.009618342801154246,1.0,0.0,1.0,0.0,38109063.98005542,1115135861.6659555,420.882619047619,0,0.0,0.0,0.0,563749.9226826223,448609.2706064043
223,0.39636666666666664,0.11876594162001534,0.23740099198778541,0.11692853986136277,0.01750741506214305,0.009618342801154246,1.0,0.0,1.0,0.0,38109063.98005542,1115135861.6659555,420.882619047619,0,0.0,0.0,0.0,563247.9165076226,448266.66889502964
224,0.39636666666666664,0.11876594162001534,0.23740099198778541,0.11692853986136277,0.01750741506214305,0.009618342801154246,1.0,0.0,1.0,0.0,38109063.98005542,1115135861.6659555,420.882619047619,0,0.0,0.0,0.0,563272.078613967,448285.94779603375
225,0.3970166666666668,0.11837971978153841,0.23657258800770584,0.1168229588070464,0.017225095755204128,0.009266028445502632,1.0,0.0,1.0,0.0,38109063.98005542,1115135861.6659555,420.882619047619,0,0.0,0.0,0.0,563370.1033958889,448348.1668269747
226,0.3970166666666668,0.11837971978153841,0.23657258800770584,0.1168229588070464,0.017225095755204128,0.009266028445502632,1.0,0.0,1.0,0.0,38109063.98005542,1115135861.6659555,420.882619047619,0,0.0,0.0,0.0,563361.1266037263,448346.5974669828
227,0.3970166666666668,0.11837971978153841,0.23657258800770584,0.1168229588070464,0.017225095755204128,0.009266028445502632,1.0,0.0,1.0,0.0,38109063.98005542,1115135861.6659555,420.882619047619,0,0.0,0.0,0.0,563929.8906663142,448698.74920901924
228,0.3970166666666668,0.11837971978153841,0.23657258800770584,0.1168229588070464,0.017225095755204128,0.009266028445502632,1.0,0.0,1.0,0.0,38109063.98005542,1115135861.6659555,420.882619047619,0,0.0,0.0,0.0,563564.8933233263,448437.5887907717
229,0.3970166666666668,0.11837971978153841,0.23657258800770584,0.1168229588070464,0.017225095755204128,0.009266028445502632,1.0,0.0,1.0,0.0,38109063.98005542,1115135861.6659555,420.882619047619,0,0.0,0.0,0.0,563056.5624630816,448093.0613818509
230,0.39849999999999997,0.11837496920098156,0.2350730887340132,0.11661907703016319,0.018770506099500407,0.008151992772877165,1.0,0.0,1.0,0.0,38109063.98005542,1115135861.6659555,420.882619047619,0,0.0,0.0,0.0,562998.9037169159,448058.7882018834
231,0.39849999999999997,0.11837496920098156,0.2350730887340132,0.11661907703016319,0.018770506099500407,0.008151992772877165,1.0,0.0,1.0,0.0,38109063.98005542,1115135861.6659555,420.882619047619,0,0.0,0.0,0.0,563049.6989742287,448082.92869955953
232,0.39849999999999997,0.11837496920098156,0.2350730887340132,0.11661907703016319,0.018770506099500407,0.008151992772877165,1.0,0.0,1.0,0.0,38109063.98005542,1115135861.6659555,420.882619047619,0,0.0,0.0,0.0,562589.0415896922,447786.9877073286
233,0.39849999999999997,0.11837496920098156,0.2350730887340132,0.11661907703016319,0.018770506099500407,0.008151992772877165,1.0,0.0,1.0,0.0,38109063.98005542,1115135861.6659555,420.882619047619,0,0.0,0.0,0.0,562227.349679109,447550.08383536525
234,0.39849999999999997,0.11837496920098156,0.2350730887340132,0.11661907703016319,0.018770506099500407,0.008151992772877165,1.0,0.0,1.0,0.0,38109063.98005542,1115135861.6659555,420.882619047619,0,0.0,0.0,0.0,562445.0225393682,447708.0028774083
235,0.4005833333333334,0.1189163629989115,0.23305592082468732,0.11697476877316108,0.016982385065139594,0.007977488939410611,1.0,0.0,1.0,0.0,38109063.98005542,1115135861.6659555,420.882619047619,0,0.0,0.0,0.0,562422.1603667494,447697.55651806574
236,0.4005833333333334,0.1189163629989115,0.23305592082468732,0.11697476877316108,0.016982385065139594,0.007977488939410611,1.0,0.0,1.0,0.0,38109063.98005542,1115135861.6659555,420.882619047619,0,0.0,0.0,3.031649005909761e-17,562606.851578699,447840.79124911973
237,0.4005833333333334,0.1189163629989115,0.23305592082468732,0.11697476877316108,0.016982385065139594,0.007977488939410611,1.0,0.0,1.0,0.0,38109063.98005542,1115135861.6659555,420.882619047619,0,0.0,0.0,3.031649005909761e-17,562599.7750225365,447824.2692086059
238,0.4005833333333334,0.1189163629989115,0.23305592082468732,0.11697476877316108,0.016982385065139594,0.007977488939410611,1.0,0.0,1.0,0.0,38109063.98005542,1115135861.6659555,420.882619047619,0,0.0,0.0,3.031649005909761e-17,562408.2842159655,447697.61488915695
239,0.4005833333333334,0.1189163629989115,0.23305592082468732,0.11697476877316108,0.016982385065139594,0.007977488939410611,1.0,0.0,1.0,0.0,38109063.98005542,1115135861.6659555,420.882619047619,0,0.0,0.0,3.031649005909761e-17,562486.8201722681,447762.77380639577
240,0.40135,0.1189948283189932,0.23238188446427308,0.11713358864313564,0.015155413163961922,0.0060640612307373215,1.0,0.0,1.0,0.0,38109063.98005542,1115135861.6659555,420.882619047619,0,0.0,0.0,3.031649005909761e-17,562627.601505726,447859.5809618751
241,0.40135,0.1189948283189932,0.23238188446427308,0.11713358864313564,0.015155413163961922,0.0060640612307373215,1.0,0.0,1.0,0.0,38109063.98005542,1115135861.6659555,420.882619047619,0,0.0,0.0,3.031649005909761e-17,562770.4417279095,447944.8711290882
242,0.40135,0.1189948283189932,0.23238188446427308,0.11713358864313564,0.015155413163961922,0.0060640612307373215,1.0,0.0,1.0,0.0,38109063.98005542,1115135861.6659555,420.882619047619,0,0.0,0.0,0.0,562626.346971922,447822.2522187533
243,0.40135,0.1189948283189932,0.23238188446427308,0.11713358864313564,0.015155413163961922,0.0060640612307373215,1.0,0.0,1.0,0.0,38109063.98005542,1115135861.6659555,420.882619047619,0,0.0,0.0,9.094947017729283e-17,562106.6342141279,447458.0222778822
244,0.40135,0.1189948283189932,0.23238188446427308,0.11713358864313564,0.015155413163961922,0.0060640612307373215,1.0,0.0,1.0,0.0,38091416.07972148,1115135861.6659555,420.882619047619,0,0.0,0.0,1.5158245029548803e-16,561590.714875585,447116.5192070363
245,0.4025666666666666,0.11818133900446759,0.23116984830933088,0.11669874204490614,0.01559845957218422,0.006501405705236168,1.0,0.0,1.0,0.0,38091416.07972148,1115135861.6659555,420.882619047619,0,0.0,0.0,1.2126596023639044e-16,561540.7940489912,447045.2368039031
246,0.4025666666666666,0.11818133900446759,0.23116984830933088,0.11669874204490614,0.01559845957218422,0.006501405705236168,1.0,0.0,1.0,0.0,38091416.07972148,1115135861.6659555,420.882619047619,0,0.0,0.0,1.2126596023639044e-16,561159.0804293364,446769.45607599407
247,0.4025666666666666,0.11818133900446759,0.23116984830933088,0.11669874204490614,0.01559845957218422,0.006501405705236168,1.0,0.0,1.0,0.0,38091416.07972148,1115135861.6659555,420.882619047619,0,0.0,0.0,1.5158245029548803e-16,560779.1987880311,446527.32942926773
248,0.4025666666666666,0.11818133900446759,0.23116984830933088,0.11669874204490614,0.01559845957218422,0.006501405705236168,1.0,0.0,1.0,0.0,38091416.07972148,1115135861.6659555,420.882619047619,0,0.0,0.0,1.5158245029548803e-16,560939.9940304249,446646.50037155545
249,0.4025666666666666,0.11818133900446759,0.23116984830933088,0.11669874204490614,0.01559845957218422,0.006501405705236168,1.0,0.0,1.0,0.0,38091416.07972148,1115135861.6659555,420.882619047619,0,0.0,0.0,1.2126596023639044e-16,560636.976612329,446422.6828020466
250,0.40373333333333344,0.11816328627040729,0.23018477426889059,0.11648923359890082,0.01416746381639403,0.0055192390777890725,1.0,0.0,1.0,0.0,38091416.07972148,1115135861.6659555,420.882619047619,0,0.0,0.0,1.5158245029548803e-16,560575.4597180729,446377.13040013803
251,0.40373333333333344,0.11816328627040729,0.23018477426889059,0.11648923359890082,0.01416746381639403,0.0055192390777890725,1.0,0.0,1.0,0.0,38091416.07972148,1115135861.6659555,420.882619047619,0,0.0,0.0,9.094947017729283e-17,560856.5420003128,446573.1182034234
252,0.40373333333333344,0.11816328627040729,0.23018477426889059,0.11648923359890082,0.01416746381639403,0.0055192390777890725,1.0,0.0,1.0,0.0,38066489.17814755,1115135861.6659555,420.882619047619,0,0.0,0.0,9.094947017729283e-17,559885.0880746149,445900.9365666983
253,0.40373333333333344,0.11816328627040729,0.23018477426889059,0.11648923359890082,0.01416746381639403,0.0055192390777890725,1.0,0.0,1.0,0.0,38066489.17814755,1115135861.6659555,420.882619047619,0,0.0,0.0,1.2126596023639044e-16,560346.6787917265,446223.9299709357
254,0.40373333333333344,0.11816328627040729,0.23018477426889059,0.11648923359890082,0.01416746381639403,0.0055192390777890725,1.0,0.0,1.0,0.0,38066489.17814755,1115135861.6659555,420.882619047619,0,0.0,0.0,1.2126596023639044e-16,560815.2594027338,446584.30542064056
255,0.4045166666666667,0.11867023519915271,0.22921078119544935,0.11630696794735358,0.014606955910940815,0.00506292326109619,1.0,0.0,1.0,0.0,38066489.17814755,1115135861.6659555,420.882619047619,0,0.0,0.0,1.2126596023639044e-16,559964.8286105312,445997.9747820392
256,0.4045166666666667,0.11867023519915271,0.22921078119544935,0.11630696794735358,0.014606955910940815,0.00506292326109619,1.0,0.0,1.0,0.0,38066489.17814755,1115135861.6659555,420.882619047619,0,0.0,0.0,1.2126596023639044e-16,559869.8732409136,445931.9194803609
257,0.4045166666666667,0.11867023519915271,0.22921078119544935,0.11630696794735358,0.014606955910940815,0.00506292326109619,1.0,0.0,1.0,0.0,38066489.17814755,1115135861.6659555,420.882619047619,0,0.0,0.0,1.2126596023639044e-16,560614.7043392201,446445.6741368799
258,0.4045166666666667,0.11867023519915271,0.22921078119544935,0.11630696794735358,0.014606955910940815,0.00506292326109619,1.0,0.0,1.0,0.0,38066489.17814755,1114806937.504963,420.882619047619,0,0.0,0.0,9.094947017729283e-17,560085.3088059502,446090.3792937832
259,0.4045166666666667,0.11867023519915271,0.22921078119544935,0.11630696794735358,0.014606955910940815,0.00506292326109619,1.0,0.0,1.0,0.0,38066489.17814755,1114806937.504963,420.882619047619,0,0.0,0.0,9.094947017729283e-17,560098.0585158494,446098.8809289046
260,0.4055333333333334,0.11899908496380225,0.22856392896770256,0.11626596694356986,0.019523184971644632,0.01399556097675847,1.0,0.0,1.0,0.0,38066489.17814755,1114806937.504963,420.882619047619,0,0.0,0.0,9.094947017729283e-17,560428.4338027792,446327.22186360764
261,0.4055333333333334,0.11899908496380225,0.22856392896770256,0.11626596694356986,0.019523184971644632,0.01399556097675847,1.0,0.0,1.0,0.0,38066489.17814755,1114806937.504963,420.882619047619,0,0.0,0.0,1.2126596023639044e-16,560317.9694860647,446245.9265841364
262,0.4055333333333334,0.11899908496380225,0.22856392896770256,0.11626596694356986,0.019523184971644632,0.01399556097675847,1.0,0.0,1.0,0.0,38066489.17814755,1114806937.504963,420.882619047619,0,0.0,0.0,1.2126596023639044e-16,560042.7823637631,446090.88092872634
263,0.4055333333333334,0.11899908496380225,0.22856392896770256,0.11626596694356986,0.019523184971644632,0.01399556097675847,1.0,0.0,1.0,0.0,38066489.17814755,1114806937.504963,420.882619047619,0,0.0,0.0,1.2126596023639044e-16,559947.8060644882,446024.8980084416
264,0.4055333333333334,0.11899908496380225,0.22856392896770256,0.11626596694356986,0.019523184971644632,0.01399556097675847,1.0,0.0,1.0,0.0,38066489.17814755,1114806937.504963,420.882619047619,0,0.0,0.0,1.2126596023639044e-16,560614.334899695,446474.27050624863
265,0.4064666666666666,0.11933321229044141,0.22778191282036692,0.11662003658588829,0.017392286283764862,0.007677862826354104,1.0,0.0,1.0,0.0,38066489.17814755,1114806937.504963,420.882619047619,0,0.0,0.0,1.2126596023639044e-16,559784.9441028372,445902.95723250875
266,0.4064666666666666,0.11933321229044141,0.22778191282036692,0.11662003658588829,0.017392286283764862,0.007677862826354104,1.0,0.0,1.0,0.0,37989968.56199631,1114806937.504963,420.882619047619,0,0.0,0.0,9.094947017729283e-17,559912.4052357284,445977.98676456796
267,0.4064666666666666,0.11933321229044141,0.22778191282036692,0.11662003658588829,0.017392286283764862,0.007677862826354104,1.0,0.0,1.0,0.0,37989968.56199631,1114806937.504963,420.882619047619,0,0.0,0.0,9.094947017729283e-17,559900.7363222535,445942.1200913602
268,0.4064666666666666,0.11933321229044141,0.22778191282036692,0.11662003658588829,0.017392286283764862,0.007677862826354104,1.0,0.0,1.0,0.0,37989968.56199631,1114806937.504963,420.882619047619,0,0.0,0.0,9.094947017729283e-17,559874.6329929716,445932.0654418658
269,0.4064666666666666,0.11933321229044141,0.22778191282036692,0.11662003658588829,0.017392286283764862,0.007677862826354104,1.0,0.0,1.0,0.0,37989968.56199631,1114806937.504963,420.882619047619,0,0.0,0.0,9.094947017729283e-17,560022.7915060851,446020.7092725997
270,0.40746666666666675,0.11923799264030273,0.2271635063742322,0.11640731033276436,0.01696644168628796,0.00770299203641374,1.0,0.0,1.0,0.0,37989968.56199631,1114806937.504963,420.882619047619,0,0.0,0.0,6.063298011819522e-17,559953.417609778,445967.10348544753
271,0.40746666666666675,0.11923799264030273,0.2271635063742322,0.11640731033276436,0.01696644168628796,0.00770299203641374,1.0,0.0,1.0,0.0,37989968.56199631,1114806937.504963,420.882619047619,0,0.0,0.0,6.063298011819522e-17,559965.9119518294,445995.28076583956
272,0.40746666666666675,0.11923799264030273,0.2271635063742322,0.11640731033276436,0.01696644168628796,0.00770299203641374,1.0,0.0,1.0,0.0,37989968.56199631,1114806937.504963,420.882619047619,0,0.0,0.0,6.063298011819522e-17,559891.5617433458,445943.3362216906
273,0.40746666666666675,0.11923799264030273,0.2271635063742322,0.11640731033276436,0.01696644168628796,0.00770299203641374,1.0,0.0,1.0,0.0,37989968.56199631,1114806937.504963,420.882619047619,0,0.0,0.0,6.063298011819522e-17,559553.670406403,445699.1454883832
274,0.40746666666666675,0.11923799264030273,0.2271635063742322,0.11640731033276436,0.01696644168628796,0.00770299203641374,1.0,0.0,1.0,0.0,37987108.77372683,1114806937.504963,420.882619047619,0,0.0,0.0,6.063298011819522e-17,559595.5485540269,445750.96022255905
275,0.4082666666666667,0.11869145808448987,0.22634036412900754,0.11594264124474006,0.01793527803561762,0.006578153704601801,1.0,0.0,1.0,0.0,37987108.77372683,1114806937.504963,420.882619047619,0,0.0,0.0,6.063298011819522e-17,559280.7817708858,445519.81678629736
276,0.4082666666666667,0.11869145808448987,0.22634036412900754,0.11594264124474006,0.01793527803561762,0.006578153704601801,1.0,0.0,1.0,0.0,37987108.77372683,1114806937.504963,420.882619047619,0,0.0,0.0,6.063298011819522e-17,558860.7699322616,445222.8301481133
277,0.4082666666666667,0.11869145808448987,0.22634036412900754,0.11594264124474006,0.01793527803561762,0.006578153704601801,1.0,0.0,1.0,0.0,37987108.77372683,1114806937.504963,420.882619047619,0,0.0,0.0,6.063298011819522e-17,558379.0864099653,444874.51112298906
278,0.4082666666666667,0.11869145808448987,0.22634036412900754,0.11594264124474006,0.01793527803561762,0.006578153704601801,1.0,0.0,1.0,0.0,37987108.77372683,1114806937.504963,420.882619047619,0,0.0,0.0,6.063298011819522e-17,558305.1334439322,444832.1688642427
279,0.4082666666666667,0.11869145808448987,0.22634036412900754,0.11594264124474006,0.01793527803561762,0.006578153704601801,1.0,0.0,1.0,0.0,37987108.77372683,1114806937.504963,420.882619047619,0,0.0,0.0,9.094947017729283e-17,558864.9920793117,445197.3980601864
280,0.4085666666666667,0.11894065280167622,0.22593498957630484,0.11602608602014557,0.018190818524505305,0.008080362949641809,1.0,0.0,1.0,0.0,37987108.77372683,1114806937.504963,420.882619047619,0,0.0,0.0,9.094947017729283e-17,558681.3631974291,445066.112596618
281,0.4085666666666667,0.11894065280167622,0.22593498957630484,0.11602608602014557,0.018190818524505305,0.008080362949641809,1.0,0.0,1.0,0.0,37987108.77372683,1114806937.504963,420.882619047619,0,0.0,0.0,1.2126596023639044e-16,558570.732123946,444984.58168867143
282,0.4085666666666667,0.11894065280167622,0.22593498957630484,0.11602608602014557,0.018190818524505305,0.008080362949641809,1.0,0.0,1.0,0.0,37987108.77372683,1114806937.504963,420.882619047619,0,0.0,0.0,1.2126596023639044e-16,558907.2646729869,445211.4626114873
283,0.4085666666666667,0.11894065280167622,0.22593498957630484,0.11602608602014557,0.018190818524505305,0.008080362949641809,1.0,0.0,1.0,0.0,37987108.77372683,1114806937.504963,420.882619047619,0,0.0,0.0,1.2126596023639044e-16,558773.3832089123,445089.27713202493
284,0.4085666666666667,0.11894065280167622,0.22593498957630484,0.11602608602014557,0.018190818524505305,0.008080362949641809,1.0,0.0,1.0,0.0,37987108.77372683,1114806937.504963,420.882619047619,0,0.0,0.0,1.2126596023639044e-16,558474.2259694517,444915.0263985197
285,0.4089999999999999,0.11919766496594358,0.22554118578571997,0.11596488065952892,0.016327415571198812,0.0076099951256952975,1.0,0.0,1.0,0.0,37899460.173304774,1114806937.504963,420.882619047619,0,0.0,0.0,9.094947017729283e-17,558341.0027666849,444821.8677158048
286,0.4089999999999999,0.11919766496594358,0.22554118578571997,0.11596488065952892,0.016327415571198812,0.0076099951256952975,1.0,0.0,1.0,0.0,37899460.173304774,1114806937.504963,420.882619047619,0,0.0,0.0,1.2126596023639044e-16,559178.2027853962,445392.1636652851
287,0.4089999999999999,0.11919766496594358,0.22554118578571997,0.11596488065952892,0.016327415571198812,0.0076099951256952975,1.0,0.0,1.0,0.0,37899460.173304774,1114806937.504963,420.882619047619,0,0.0,0.0,1.2126596023639044e-16,559040.9747608497,445298.40702123265
288,0.4089999999999999,0.11919766496594358,0.22554118578571997,0.11596488065952892,0.016327415571198812,0.0076099951256952975,1.0,0.0,1.0,0.0,37899460.173304774,1114806937.504963,420.882619047619,0,0.0,0.0,1.2126596023639044e-16,559396.2737804202,445549.11835093686
289,0.4089999999999999,0.11919766496594358,0.22554118578571997,0.11596488065952892,0.016327415571198812,0.0076099951256952975,1.0,0.0,1.0,0.0,37899460.173304774,1114806937.504963,420.882619047619,0,0.0,0.0,1.2126596023639044e-16,559944.8067653463,445884.04728890845
290,0.4100333333333334,0.11927460845553936,0.22503431528512416,0.11610550650001909,0.01807546722528876,0.007815181131192011,1.0,0.0,1.0,0.0,37899460.173304774,1114806937.504963,420.882619047619,0,0.0,0.0,1.2126596023639044e-16,559367.3104899446,445483.0641706198
291,0.4100333333333334,0.11927460845553936,0.22503431528512416,0.11610550650001909,0.01807546722528876,0.007815181131192011,1.0,0.0,1.0,0.0,37934092.99029431,1114806937.504963,420.882619047619,0,0.0,0.0,1.2126596023639044e-16,559736.418531796,445720.2325615023
292,0.4100333333333334,0.11927460845553936,0.22503431528512416,0.11610550650001909,0.01807546722528876,0.007815181131192011,1.0,0.0,1.0,0.0,37934092.99029431,1114806937.504963,420.882619047619,0,0.0,0.0,1.2126596023639044e-16,559575.4597476661,445627.2358509008
293,0.4100333333333334,0.11927460845553936,0.22503431528512416,0.11610550650001909,0.01807546722528876,0.007815181131192011,1.0,0.0,1.0,0.0,37934092.99029431,1114806937.504963,420.882619047619,0,0.0,0.0,1.2126596023639044e-16,559623.7068847577,445663.6413427329
294,0.4100333333333334,0.11927460845553936,0.22503431528512416,0.11610550650001909,0.01807546722528876,0.007815181131192011,1.0,0.0,1.0,0.0,37934092.99029431,1114806937.504963,420.882619047619,0,0.0,0.0,1.2126596023639044e-16,559055.6007186245,445275.06984589197
295,0.4113666666666667,0.11862826625874441,0.22371011834724985,0.11551393440432275,0.01683496075983605,0.007771831659863503,1.0,0.0,1.0,0.0,37865406.90588295,1114806937.504963,420.882619047619,0,0.0,0.0,9.094947017729283e-17,558907.5748736366,445168.2308626047
296,0.4113666666666667,0.11862826625874441,0.22371011834724985,0.11551393440432275,0.01683496075983605,0.007771831659863503,1.0,0.0,1.0,0.0,37865406.90588295,1114806937.504963,420.882619047619,0,0.0,0.0,9.094947017729283e-17,559117.7206522663,445304.87922070955
297,0.4113666666666667,0.11862826625874441,0.22371011834724985,0.11551393440432275,0.01683496075983605,0.007771831659863503,1.0,0.0,1.0,0.0,37865406.90588295,1114806937.504963,420.882619047619,0,0.0,0.0,9.094947017729283e-17,559193.4726673758,445347.3642897176
298,0.4113666666666667,0.11862826625874441,0.22371011834724985,0.11551393440432275,0.01683496075983605,0.007771831659863503,1.0,0.0,1.0,0.0,37795263.30190621,1114806937.504963,420.882619047619,0,0.0,0.0,9.094947017729283e-17,558855.8262297825,445133.3562300857
299,0.4113666666666667,0.11862826625874441,0.22371011834724985,0.11551393440432275,0.01683496075983605,0.007771831659863503,1.0,0.0,1.0,0.0,37795263.30190621,1114486933.690548,420.882619047619,0,0.0,0.0,9.094947017729283e-17,558856.8897606683,445128.7330338679
300,0.4145,0.11665411837279184,0.2211826204680323,0.11379449655339549,0.019433476532567835,0.01094105156353847,1.0,0.0,1.0,0.0,37795263.30190621,1114486933.690548,420.882619047619,0,0.0,0.0,9.094947017729283e-17,558836.2840869614,445084.0242869962
301,0.4145,0.11665411837279184,0.2211826204680323,0.11379449655339549,0.019433476532567835,0.01094105156353847,1.0,0.0,1.0,0.0,37711844.36565521,1114486933.690548,420.882619047619,0,0.0,0.0,9.094947017729283e-17,558818.793941808,445076.28114592383
302,0.4145,0.11665411837279184,0.2211826204680323,0.11379449655339549,0.019433476532567835,0.01094105156353847,1.0,0.0,1.0,0.0,37711844.36565521,1114486933.690548,420.882619047619,0,0.0,0.0,9.094947017729283e-17,558945.3997597892,445152.0213598238
303,0.4145,0.11665411837279184,0.2211826204680323,0.11379449655339549,0.019433476532567835,0.01094105156353847,1.0,0.0,1.0,0.0,37711844.36565521,1114486933.690548,420.882619047619,0,0.0,0.0,9.094947017729283e-17,559016.7859132093,445206.707252549
304,0.4145,0.11665411837279184,0.2211826204680323,0.11379449655339549,0.019433476532567835,0.01094105156353847,1.0,0.0,1.0,0.0,37711844.36565521,1114486933.690548,420.882619047619,0,0.0,0.0,9.094947017729283e-17,559212.0635393368,445357.8103964887
305,0.41788333333333333,0.1150980511950089,0.21819071582961833,0.11227546588723213,0.019228814682485103,0.011038677704978506,1.0,0.0,1.0,0.0,37667572.39909298,1114486933.690548,420.882619047619,0,0.0,0.0,3.031649005909761e-17,559347.9637686699,445455.88668323855
306,0.41788333333333333,0.1150980511950089,0.21819071582961833,0.11227546588723213,0.019228814682485103,0.011038677704978506,1.0,0.0,1.0,0.0,37667572.39909298,1114486933.690548,420.882619047619,0,0.0,0.0,1.2126596023639044e-16,558847.4167940489,445121.3425745387
307,0.41788333333333333,0.1150980511950089,0.21819071582961833,0.11227546588723213,0.019228814682485103,0.011038677704978506,1.0,0.0,1.0,0.0,37667572.39909298,1114486933.690548,420.882619047619,0,0.0,0.0,1.2126596023639044e-16,559054.2889093214,445277.4066758136
308,0.41788333333333333,0.1150980511950089,0.21819071582961833,0.11227546588723213,0.019228814682485103,0.011038677704978506,1.0,0.0,1.0,0.0,37667572.39909298,1114486933.690548,420.882619047619,0,0.0,0.0,1.2126596023639044e-16,558946.2703655947,445196.62736232026
309,0.41788333333333333,0.1150980511950089,0.21819071582961833,0.11227546588723213,0.019228814682485103,0.011038677704978506,1.0,0.0,1.0,0.0,37654394.91701658,1114486933.690548,420.882619047619,0,0.0,0.0,1.8189894035458566e-16,559215.6461774901,445397.2362198077
310,0.41821666666666674,0.11539365113480994,0.2178426169575968,0.1123346753476958,0.019249902335420115,0.01109565176020778,1.0,0.0,1.0,0.0,37654394.91701658,1114486933.690548,420.882619047619,0,0.0,0.0,2.1221543041368325e-16,558823.5649321113,445139.1291662091
311,0.41821666666666674,0.11539365113480994,0.2178426169575968,0.1123346753476958,0.019249902335420115,0.01109565176020778,1.0,0.0,1.0,0.0,37654394.91701658,1114486933.690548,420.882619047619,0,0.0,0.0,2.1221543041368325e-16,558719.2799250945,445072.04838328285
312,0.41821666666666674,0.11539365113480994,0.2178426169575968,0.1123346753476958,0.019249902335420115,0.01109565176020778,1.0,0.0,1.0,0.0,37654394.91701658,1114486933.690548,420.882619047619,0,0.0,0.0,2.1221543041368325e-16,558799.2209433976,445141.6702403979
313,0.41821666666666674,0.11539365113480994,0.2178426169575968,0.1123346753476958,0.019249902335420115,0.01109565176020778,1.0,0.0,1.0,0.0,37654394.91701658,1114486933.690548,420.882619047619,0,0.0,0.0,2.1221543041368325e-16,559213.707546118,445382.1872173248
314,0.41821666666666674,0.11539365113480994,0.2178426169575968,0.1123346753476958,0.019249902335420115,0.01109565176020778,1.0,0.0,1.0,0.0,37654394.91701658,1114486933.690548,420.882619047619,0,0.0,0.0,1.5158245029548803e-16,558804.8991307517,445110.12194208347
315,0.4191166666666667,0.11542282294050668,0.2168557185273518,0.11217015771230485,0.01895119425628952,0.00938324941430666,1.0,0.0,1.0,0.0,37654394.91701658,1114486933.690548,420.882619047619,0,0.0,0.0,1.5158245029548803e-16,558881.9667021339,445168.5548983163
316,0.4191166666666667,0.11542282294050668,0.2168557185273518,0.11217015771230485,0.01895119425628952,0.00938324941430666,1.0,0.0,1.0,0.0,37654394.91701658,1114486933.690548,420.882619047619,0,0.0,0.0,1.2126596023639044e-16,559666.1247717771,445678.1247330662
317,0.4191166666666667,0.11542282294050668,0.2168557185273518,0.11217015771230485,0.01895119425628952,0.00938324941430666,1.0,0.0,1.0,0.0,37654394.91701658,1114486933.690548,420.882619047619,0,0.0,0.0,1.2126596023639044e-16,559194.8356730873,445373.3574714294
318,0.4191166666666667,0.11542282294050668,0.2168557185273518,0.11217015771230485,0.01895119425628952,0.00938324941430666,1.0,0.0,1.0,0.0,37654394.91701658,1114486933.690548,420.882619047619,0,0.0,0.0,1.2126596023639044e-16,558821.9594238691,445143.8065291609
319,0.4191166666666667,0.11542282294050668,0.2168557185273518,0.11217015771230485,0.01895119425628952,0.00938324941430666,1.0,0.0,1.0,0.0,37654394.91701658,1114486933.690548,420.882619047619,0,0.0,0.0,1.5158245029548803e-16,558577.2743738133,444966.3458913265
320,0.4194833333333332,0.1155047245305961,0.2163995302415633,0.11213359376937276,0.018317197940028288,0.009710311649581117,1.0,0.0,1.0,0.0,37654394.91701658,1114486933.690548,420.882619047619,0,0.0,0.0,1.5158245029548803e-16,558369.0622314942,444830.99191130645
321,0.4194833333333332,0.1155047245305961,0.2163995302415633,0.11213359376937276,0.018317197940028288,0.009710311649581117,1.0,0.0,1.0,0.0,37654394.91701658,1114486933.690548,420.882619047619,0,0.0,0.0,1.8189894035458566e-16,558664.4453763962,445052.51530188817
322,0.4194833333333332,0.1155047245305961,0.2163995302415633,0.11213359376937276,0.018317197940028288,0.009710311649581117,1.0,0.0,1.0,0.0,37654394.91701658,1114486933.690548,420.882619047619,0,0.0,0.0,1.8189894035458566e-16,558195.2006740128,444711.5425489701
323,0.4194833333333332,0.1155047245305961,0.2163995302415633,0.11213359376937276,0.018317197940028288,0.009710311649581117,1.0,0.0,1.0,0.0,37654394.91701658,1114486933.690548,420.882619047619,0,0.0,0.0,2.1221543041368325e-16,558417.827036714,444875.05861790106
324,0.4194833333333332,0.1155047245305961,0.2163995302415633,0.11213359376937276,0.018317197940028288,0.009710311649581117,1.0,0.0,1.0,0.0,37654394.91701658,1114386579.7246299,420.882619047619,0,0.0,0.0,2.1221543041368325e-16,557645.3434052083,444351.6252081207
325,0.41981666666666667,0.11541739349951645,0.21596476282787785,0.11194256765250114,0.01841668274522785,0.008620564502798108,1.0,0.0,1.0,0.0,37654394.91701658,1114386579.7246299,420.882619047619,0,0.0,0.0,2.1221543041368325e-16,557430.6140777705,444193.97050047736
326,0.41981666666666667,0.11541739349951645,0.21596476282787785,0.11194256765250114,0.01841668274522785,0.008620564502798108,1.0,0.0,1.0,0.0,37654394.91701658,1114386579.7246299,420.882619047619,0,0.0,0.0,1.8189894035458566e-16,557004.612667255,443890.0933929418
327,0.41981666666666667,0.11541739349951645,0.21596476282787785,0.11194256765250114,0.01841668274522785,0.008620564502798108,1.0,0.0,1.0,0.0,37654394.91701658,1114386579.7246299,420.882619047619,0,0.0,0.0,1.5158245029548803e-16,557032.342460749,443913.0787813031
328,0.41981666666666667,0.11541739349951645,0.21596476282787785,0.11194256765250114,0.01841668274522785,0.008620564502798108,1.0,0.0,1.0,0.0,37654394.91701658,1114386579.7246299,420.882619047619,0,0.0,0.0,1.5158245029548803e-16,557072.7165379778,443943.21700005326
329,0.41981666666666667,0.11541739349951645,0.21596476282787785,0.11194256765250114,0.01841668274522785,0.008620564502798108,1.0,0.0,1.0,0.0,37654394.91701658,1114386579.7246299,420.882619047619,0,0.0,0.0,1.5158245029548803e-16,556785.4322812582,443731.5780180018
330,0.4213666666666667,0.11465469414240696,0.21459150789192036,0.11130297049761091,0.017104288608356857,0.007196414825500445,1.0,0.0,1.0,0.0,37654394.91701658,1114386579.7246299,420.882619047619,0,0.0,0.0,1.5158245029548803e-16,556479.0554097716,443507.4624018807
331,0.4213666666666667,0.11465469414240696,0.21459150789192036,0.11130297049761091,0.017104288608356857,0.007196414825500445,1.0,0.0,1.0,0.0,37654394.91701658,1114386579.7246299,420.882619047619,0,0.0,0.0,1.2126596023639044e-16,556749.4806860279,443690.8246633046
332,0.4213666666666667,0.11465469414240696,0.21459150789192036,0.11130297049761091,0.017104288608356857,0.007196414825500445,1.0,0.0,1.0,0.0,37654394.91701658,1114386579.7246299,420.882619047619,0,0.0,0.0,9.094947017729283e-17,556940.1880050666,443799.41704423254
333,0.4213666666666667,0.11465469414240696,0.21459150789192036,0.11130297049761091,0.017104288608356857,0.007196414825500445,1.0,0.0,1.0,0.0,37654394.91701658,1114386579.7246299,420.882619047619,0,0.0,0.0,9.094947017729283e-17,556583.5197211512,443580.76798283466
334,0.4213666666666667,0.11465469414240696,0.21459150789192036,0.11130297049761091,0.017104288608356857,0.007196414825500445,1.0,0.0,1.0,0.0,37654394.91701658,1114386579.7246299,420.882619047619,0,0.0,0.0,9.094947017729283e-17,556137.1546339829,443293.96644039307
335,0.4221333333333334,0.1141127317855267,0.21421908330688574,0.11110675942295463,0.017918525668445786,0.008964588049423815,1.0,0.0,1.0,0.0,37654394.91701658,1114386579.7246299,420.882619047619,0,0.0,0.0,9.094947017729283e-17,556398.4932644755,443453.6988493192
336,0.4221333333333334,0.1141127317855267,0.21421908330688574,0.11110675942295463,0.017918525668445786,0.008964588049423815,1.0,0.0,1.0,0.0,37654394.91701658,1114386579.7246299,420.882619047619,0,0.0,0.0,9.094947017729283e-17,556271.7205296987,443355.9619845651
337,0.4221333333333334,0.1141127317855267,0.21421908330688574,0.11110675942295463,0.017918525668445786,0.008964588049423815,1.0,0.0,1.0,0.0,37654394.91701658,1114386579.7246299,420.882619047619,0,0.0,0.0,6.063298011819522e-17,556069.7958034555,443223.0048932436
338,0.4221333333333334,0.1141127317855267,0.21421908330688574,0.11110675942295463,0.017918525668445786,0.008964588049423815,1.0,0.0,1.0,0.0,37654394.91701658,1114386579.7246299,420.882619047619,0,0.0,0.0,3.031649005909761e-17,555764.3598393024,442996.3342422688
339,0.4221333333333334,0.1141127317855267,0.21421908330688574,0.11110675942295463,0.017918525668445786,0.008964588049423815,1.0,0.0,1.0,0.0,37654394.91701658,1114386579.7246299,420.882619047619,0,0.0,0.0,3.031649005909761e-17,555596.7692537704,442923.73975891026
340,0.4231666666666668,0.11401310840815143,0.21299670221469794,0.11071431146857555,0.016949256298226665,0.008242482292310274,1.0,0.0,1.0,0.0,37654394.91701658,1114386579.7246299,420.882619047619,0,0.0,0.0,3.031649005909761e-17,556052.7017259373,443231.0603364033
341,0.4231666666666668,0.11401310840815143,0.21299670221469794,0.11071431146857555,0.016949256298226665,0.008242482292310274,1.0,0.0,1.0,0.0,37627549.98226491,1114386579.7246299,420.882619047619,0,0.0,0.0,6.063298011819522e-17,556228.6977685599,443349.3396906582
342,0.4231666666666668,0.11401310840815143,0.21299670221469794,0.11071431146857555,0.016949256298226665,0.008242482292310274,1.0,0.0,1.0,0.0,37627549.98226491,1114386579.7246299,420.882619047619,0,0.0,0.0,6.063298011819522e-17,556226.1019655312,443347.1380813418
343,0.4231666666666668,0.11401310840815143,0.21299670221469794,0.11071431146857555,0.016949256298226665,0.008242482292310274,1.0,0.0,1.0,0.0,37627549.98226491,1114312203.2871916,420.882619047619,0,0.0,0.0,6.063298011819522e-17,555497.2009830474,442842.13562595914
344,0.4231666666666668,0.11401310840815143,0.21299670221469794,0.11071431146857555,0.016949256298226665,0.008242482292310274,1.0,0.0,1.0,0.0,37627549.98226491,1114312203.2871916,420.882619047619,0,0.0,0.0,6.063298011819522e-17,555693.2923512084,442994.46965171513
345,0.42375,0.11384183106398106,0.21254554792579564,0.11069288779666978,0.016304358163138414,0.007705998517695726,1.0,0.0,1.0,0.0,37627549.98226491,1114312203.2871916,420.882619047619,0,0.0,0.0,9.094947017729283e-17,555553.9016837283,442904.68211006024
346,0.42375,0.11384183106398106,0.21254554792579564,0.11069288779666978,0.016304358163138414,0.007705998517695726,1.0,0.0,1.0,0.0,37627549.98226491,1114312203.2871916,420.882619047619,0,0.0,0.0,9.094947017729283e-17,555648.7343862655,442942.1675223744
347,0.42375,0.11384183106398106,0.21254554792579564,0.11069288779666978,0.016304358163138414,0.007705998517695726,1.0,0.0,1.0,0.0,37627549.98226491,1114312203.2871916,420.882619047619,0,0.0,0.0,9.094947017729283e-17,555910.5784682105,443092.43116630585
348,0.42375,0.11384183106398106,0.21254554792579564,0.11069288779666978,0.016304358163138414,0.007705998517695726,1.0,0.0,1.0,0.0,37627549.98226491,1114312203.2871916,420.882619047619,0,0.0,0.0,9.094947017729283e-17,555927.0661051742,443109.5991838574
349,0.42375,0.11384183106398106,0.21254554792579564,0.11069288779666978,0.016304358163138414,0.007705998517695726,1.0,0.0,1.0,0.0,37627549.98226491,1114312203.2871916,420.882619047619,0,0.0,0.0,9.094947017729283e-17,556388.0182425047,443417.47765859094
350,0.4254999999999998,0.11329210034243341,0.2116838578613246,0.11037587172163141,0.01833099109674153,0.011987511703857917,1.0,0.0,1.0,0.0,37627549.98226491,1114312203.2871916,420.882619047619,0,0.0,0.0,9.094947017729283e-17,556211.3296044144,443287.4237740995
351,0.4254999999999998,0.11329210034243341,0.2116838578613246,0.11037587172163141,0.01833099109674153,0.011987511703857917,1.0,0.0,1.0,0.0,37627549.98226491,1114312203.2871916,420.882619047619,0,0.0,0.0,6.063298011819522e-17,555908.4539626904,443089.8801392525
352,0.4254999999999998,0.11329210034243341,0.2116838578613246,0.11037587172163141,0.01833099109674153,0.011987511703857917,1.0,0.0,1.0,0.0,37627549.98226491,1114312203.2871916,420.882619047619,0,0.0,0.0,9.094947017729283e-17,555378.3228858754,442742.7821390274
353,0.4254999999999998,0.11329210034243341,0.2116838578613246,0.11037587172163141,0.01833099109674153,0.011987511703857917,1.0,0.0,1.0,0.0,37627549.98226491,1114312203.2871916,420.882619047619,0,0.0,0.0,9.094947017729283e-17,555140.689709072,442571.3989071361
354,0.4254999999999998,0.11329210034243341,0.2116838578613246,0.11037587172163141,0.01833099109674153,0.011987511703857917,1.0,0.0,1.0,0.0,37627549.98226491,1114312203.2871916,420.882619047619,0,0.0,0.0,1.2126596023639044e-16,555414.6380438366,442744.2904033092
355,0.42656666666666665,0.11337685928893172,0.2107379249820061,0.11013745531173309,0.019037221138567186,0.011223631117487061,1.0,0.0,1.0,0.0,37627549.98226491,1114312203.2871916,420.882619047619,0,0.0,0.0,1.2126596023639044e-16,555256.0957322367,442630.8903315449
356,0.42656666666666665,0.11337685928893172,0.2107379249820061,0.11013745531173309,0.019037221138567186,0.011223631117487061,1.0,0.0,1.0,0.0,37627549.98226491,1114312203.2871916,420.882619047619,0,0.0,0.0,1.5158245029548803e-16,555175.4714665757,442556.37213462667
357,0.42656666666666665,0.11337685928893172,0.2107379249820061,0.11013745531173309,0.019037221138567186,0.011223631117487061,1.0,0.0,1.0,0.0,37627549.98226491,1114312203.2871916,420.882619047619,0,0.0,0.0,1.5158245029548803e-16,555266.9293328541,442627.17970897513
358,0.42656666666666665,0.11337685928893172,0.2107379249820061,0.11013745531173309,0.019037221138567186,0.011223631117487061,1.0,0.0,1.0,0.0,37627549.98226491,1114312203.2871916,420.882619047619,0,0.0,0.0,1.5158245029548803e-16,554973.34638935,442444.3181094811
359,0.42656666666666665,0.11337685928893172,0.2107379249820061,0.11013745531173309,0.019037221138567186,0.011223631117487061,1.0,0.0,1.0,0.0,37627549.98226491,1114312203.2871916,420.882619047619,0,0.0,0.0,1.5158245029548803e-16,555208.279332322,442629.4377332914
360,0.42681666666666657,0.11288463752384062,0.21040119096692864,0.11010013545907246,0.017816472866008674,0.010222585690779431,1.0,0.0,1.0,0.0,37627549.98226491,1114312203.2871916,420.882619047619,0,0.0,0.0,1.2126596023639044e-16,555152.3986782297,442599.91853980266
361,0.42681666666666657,0.11288463752384062,0.21040119096692864,0.11010013545907246,0.017816472866008674,0.010222585690779431,1.0,0.0,1.0,0.0,37627549.98226491,1114312203.2871916,420.882619047619,0,0.0,0.0,1.2126596023639044e-16,554888.2543911857,442424.3109472239
362,0.42681666666666657,0.11288463752384062,0.21040119096692864,0.11010013545907246,0.017816472866008674,0.010222585690779431,1.0,0.0,1.0,0.0,37627549.98226491,1114312203.2871916,420.882619047619,0,0.0,0.0,1.5158245029548803e-16,555003.5109596587,442446.0302118519
363,0.42681666666666657,0.11288463752384062,0.21040119096692864,0.11010013545907246,0.017816472866008674,0.010222585690779431,1.0,0.0,1.0,0.0,37627549.98226491,1114312203.2871916,420.882619047619,0,0.0,0.0,1.8189894035458566e-16,555017.6129190543,442457.91107607045
364,0.42681666666666657,0.11288463752384062,0.21040119096692864,0.11010013545907246,0.017816472866008674,0.010222585690779431,1.0,0.0,1.0,0.0,37627549.98226491,1114312203.2871916,420.882619047619,0,0.0,0.0,1.8189894035458566e-16,554879.598110872,442339.32610453543
365,0.4279666666666666,0.11284576002471496,0.20958062058616928,0.10985676970682026,0.016724838012160882,0.008191044254332194,1.0,0.0,1.0,0.0,37627549.98226491,1114312203.2871916,420.882619047619,0,0.0,0.0,1.8189894035458566e-16,554898.4155277938,442366.6264846995
366,0.4279666666666666,0.11284576002471496,0.20958062058616928,0.10985676970682026,0.016724838012160882,0.008191044254332194,1.0,0.0,1.0,0.0,37627549.98226491,1114312203.2871916,420.882619047619,0,0.0,0.0,1.8189894035458566e-16,555356.3804225476,442672.9928357374
367,0.4279666666666666,0.11284576002471496,0.20958062058616928,0.10985676970682026,0.016724838012160882,0.008191044254332194,1.0,0.0,1.0,0.0,37627549.98226491,1114312203.2871916,420.882619047619,0,0.0,0.0,1.8189894035458566e-16,555053.6355035249,442472.7536541337
368,0.4279666666666666,0.11284576002471496,0.20958062058616928,0.10985676970682026,0.016724838012160882,0.008191044254332194,1.0,0.0,1.0,0.0,37627549.98226491,1114312203.2871916,420.882619047619,0,0.0,0.0,1.8189894035458566e-16,555490.8148753798,442782.0517482706
369,0.4279666666666666,0.11284576002471496,0.20958062058616928,0.10985676970682026,0.016724838012160882,0.008191044254332194,1.0,0.0,1.0,0.0,37627549.98226491,1114312203.2871916,420.882619047619,0,0.0,0.0,1.5158245029548803e-16,554832.8661997612,442350.90722694603
370,0.42855000000000004,0.112998329633672,0.20896241999038728,0.10989339293008209,0.018430810733159417,0.011041130122048763,1.0,0.0,1.0,0.0,37627549.98226491,1114312203.2871916,420.882619047619,0,0.0,0.0,1.5158245029548803e-16,554824.6997614547,442338.5369133611
371,0.42855000000000004,0.112998329633672,0.20896241999038728,0.10989339293008209,0.018430810733159417,0.011041130122048763,1.0,0.0,1.0,0.0,37627549.98226491,1114312203.2871916,420.882619047619,0,0.0,0.0,1.8189894035458566e-16,555175.2649333371,442574.2343271529
372,0.42855000000000004,0.112998329633672,0.20896241999038728,0.10989339293008209,0.018430810733159417,0.011041130122048763,1.0,0.0,1.0,0.0,37569131.28226462,1114312203.2871916,420.882619047619,0,0.0,0.0,1.5158245029548803e-16,555900.4578545374,443079.08312351344
373,0.42855000000000004,0.112998329633672,0.20896241999038728,0.10989339293008209,0.018430810733159417,0.011041130122048763,1.0,0.0,1.0,0.0,37569131.28226462,1114312203.2871916,420.882619047619,0,0.0,0.0,1.5158245029548803e-16,555050.5275797795,442488.1688269002
374,0.42855000000000004,0.112998329633672,0.20896241999038728,0.10989339293008209,0.018430810733159417,0.011041130122048763,1.0,0.0,1.0,0.0,37569131.28226462,1114312203.2871916,420.882619047619,0,0.0,0.0,1.8189894035458566e-16,554872.0347539461,442350.4133859304
375,0.42966666666666675,0.11278455370996313,0.20813971120125932,0.10928908165101434,0.020112750199578276,0.0122607032066172,1.0,0.0,1.0,0.0,37569131.28226462,1114312203.2871916,420.882619047619,0,0.0,0.0,2.1221543041368325e-16,555152.84746422,442521.3044074807
376,0.42966666666666675,0.11278455370996313,0.20813971120125932,0.10928908165101434,0.020112750199578276,0.0122607032066172,1.0,0.0,1.0,0.0,37569131.28226462,1114312203.2871916,420.882619047619,0,0.0,0.0,1.8189894035458566e-16,554736.7014297913,442253.61419152573
377,0.42966666666666675,0.11278455370996313,0.20813971120125932,0.10928908165101434,0.020112750199578276,0.0122607032066172,1.0,0.0,1.0,0.0,37569131.28226462,1114312203.2871916,420.882619047619,0,0.0,0.0,2.7284841053187845e-16,554374.6590412927,442023.27575388376
378,0.42966666666666675,0.11278455370996313,0.20813971120125932,0.10928908165101434,0.020112750199578276,0.0122607032066172,1.0,0.0,1.0,0.0,37569131.28226462,1111612535.281184,420.882619047619,0,0.0,0.0,3.334813906500737e-16,554098.9942583599,441828.455903248
379,0.42966666666666675,0.11278455370996313,0.20813971120125932,0.10928908165101434,0.020112750199578276,0.0122607032066172,1.0,0.0,1.0,0.0,37569131.28226462,1111612535.281184,420.882619047619,0,0.0,0.0,3.334813906500737e-16,554200.3339160582,441878.87044955505
380,0.4302666666666667,0.11281671960406499,0.2075188022111443,0.10957441472855915,0.020696548341380325,0.015152197920552151,1.0,0.0,1.0,0.0,37569131.28226462,1111612535.281184,420.882619047619,0,0.0,0.0,2.7284841053187845e-16,554556.0244707937,442131.71146429726
381,0.4302666666666667,0.11281671960406499,0.2075188022111443,0.10957441472855915,0.020696548341380325,0.015152197920552151,1.0,0.0,1.0,0.0,37569131.28226462,1111612535.281184,420.882619047619,0,0.0,0.0,3.0316490059097607e-16,553993.1696946642,441750.31564590096
382,0.4302666666666667,0.11281671960406499,0.2075188022111443,0.10957441472855915,0.020696548341380325,0.015152197920552151,1.0,0.0,1.0,0.0,37569131.28226462,1111612535.281184,420.882619047619,0,0.0,0.0,3.334813906500737e-16,553937.0286139084,441715.639573152
383,0.4302666666666667,0.11281671960406499,0.2075188022111443,0.10957441472855915,0.020696548341380325,0.015152197920552151,1.0,0.0,1.0,0.0,37569131.28226462,1111612535.281184,420.882619047619,0,0.0,0.0,3.334813906500737e-16,553650.4043096739,441534.5094932572
384,0.4302666666666667,0.11281671960406499,0.2075188022111443,0.10957441472855915,0.020696548341380325,0.015152197920552151,1.0,0.0,1.0,0.0,37569131.28226462,1111612535.281184,420.882619047619,0,0.0,0.0,3.0316490059097607e-16,554394.2660543438,442035.09736622585
385,0.43101666666666666,0.11279365254993544,0.2063870894895958,0.10936779338093766,0.020719124718528163,0.013028718077586295,1.0,0.0,1.0,0.0,37569131.28226462,1111612535.281184,420.882619047619,0,0.0,0.0,3.334813906500737e-16,553899.4533669573,441677.48481521837
386,0.43101666666666666,0.11279365254993544,0.2063870894895958,0.10936779338093766,0.020719124718528163,0.013028718077586295,1.0,0.0,1.0,0.0,37569131.28226462,1111612535.281184,420.882619047619,0,0.0,0.0,2.4253192047278088e-16,554840.7260521096,442285.8124598233
387,0.43101666666666666,0.11279365254993544,0.2063870894895958,0.10936779338093766,0.020719124718528163,0.013028718077586295,1.0,0.0,1.0,0.0,37569131.28226462,1111612535.281184,420.882619047619,0,0.0,0.0,2.4253192047278088e-16,554569.1683895362,442100.88873333536
388,0.43101666666666666,0.11279365254993544,0.2063870894895958,0.10936779338093766,0.020719124718528163,0.013028718077586295,1.0,0.0,1.0,0.0,37569131.28226462,1109618409.5443475,420.882619047619,0,0.0,0.0,2.4253192047278088e-16,554262.4142771658,441890.0198020982
389,0.43101666666666666,0.11279365254993544,0.2063870894895958,0.10936779338093766,0.020719124718528163,0.013028718077586295,1.0,0.0,1.0,0.0,37569131.28226462,1109618409.5443475,420.882619047619,0,0.0,0.0,2.4253192047278088e-16,554073.2191891917,441787.03371016035
390,0.4323000000000001,0.11307538783189439,0.20529747643830823,0.10961857481529061,0.022295440363607873,0.01331152243138865,1.0,0.0,1.0,0.0,37569131.28226462,1109618409.5443475,420.882619047619,0,0.0,0.0,2.4253192047278088e-16,554181.5286660551,441835.9086936556
391,0.4323000000000001,0.11307538783189439,0.20529747643830823,0.10961857481529061,0.022295440363607873,0.01331152243138865,1.0,0.0,1.0,0.0,37569131.28226462,1109618409.5443475,420.882619047619,0,0.0,0.0,1.8189894035458566e-16,554286.3788613287,441882.8218062647
392,0.4323000000000001,0.11307538783189439,0.20529747643830823,0.10961857481529061,0.022295440363607873,0.01331152243138865,1.0,0.0,1.0,0.0,37569131.28226462,1109618409.5443475,420.882619047619,0,0.0,0.0,1.8189894035458566e-16,554316.0649014565,441918.39641391503
393,0.4323000000000001,0.11307538783189439,0.20529747643830823,0.10961857481529061,0.022295440363607873,0.01331152243138865,1.0,0.0,1.0,0.0,37569131.28226462,1109618409.5443475,420.882619047619,0,0.0,0.0,1.8189894035458566e-16,553993.2826015525,441682.2479719581
394,0.4323000000000001,0.11307538783189439,0.20529747643830823,0.10961857481529061,0.022295440363607873,0.01331152243138865,1.0,0.0,1.0,0.0,37569131.28226462,1109618409.5443475,420.882619047619,0,0.0,0.0,2.1221543041368325e-16,554554.5370900679,442064.681519319
395,0.43305000000000005,0.11323473775009739,0.20466829573361436,0.10935009988818063,0.021237737070055066,0.012118929671938936,1.0,0.0,1.0,0.0,37569131.28226462,1109618409.5443475,420.882619047619,0,0.0,0.0,1.5158245029548803e-16,555015.5388765016,442375.2097014769
396,0.43305000000000005,0.11323473775009739,0.20466829573361436,0.10935009988818063,0.021237737070055066,0.012118929671938936,1.0,0.0,1.0,0.0,37569131.28226462,1109618409.5443475,420.882619047619,0,0.0,0.0,1.5158245029548803e-16,555143.5591593833,442459.5529769867
397,0.43305000000000005,0.11323473775009739,0.20466829573361436,0.10935009988818063,0.021237737070055066,0.012118929671938936,1.0,0.0,1.0,0.0,37569131.28226462,1109618409.5443475,420.882619047619,0,0.0,0.0,1.8189894035458566e-16,555278.3781536281,442553.26074462844
398,0.43305000000000005,0.11323473775009739,0.20466829573361436,0.10935009988818063,0.021237737070055066,0.012118929671938936,1.0,0.0,1.0,0.0,37569131.28226462,1109618409.5443475,420.882619047619,0,0.0,0.0,1.8189894035458566e-16,555090.4371960002,442418.3400076698
399,0.43305000000000005,0.11323473775009739,0.20466829573361436,0.10935009988818063,0.021237737070055066,0.012118929671938936,1.0,0.0,1.0,0.0,37569131.28226462,1109618409.5443475,420.882619047619,0,0.0,0.0,1.5158245029548803e-16,554553.7356431027,442057.4458490132
